,award_id_fain,recipient_name,match_name,prime_award_base_transaction_description,fy,total_funding_amount,match_score_name,match_amount,match_score_amount,total_match_score
2441,23OMDGCA0105,BRINDEIRO & DANBOM DAIRY FARMS,Alexandre Dairy,"THIS GRANT SUPPORTS THE COSTS INCURRED TO IMPLEMENT MEASURES TO RESPOND TO THE NOVEL CORONAVIRUS 2019 (COVID-19), WHICH MAY INCLUDE WORKPLACE SAFETY, MARKET PIVOTS, RETROFITTING FACILITIES, TRANSPORTATION, WORKER HOUSING, AND MEDICAL EXPENSES. IT PROVIDES NEEDED RELIEF TO THE FOOD PROCESSORS, DISTRIBUTORS, FARMERS MARKETS, AND PRODUCERS FOR THEIR COSTS INCURRED BETWEEN JANUARY 27, 2020, THE DATE UPON WHICH THE PUBLIC HEALTH EMERGENCY WAS DECLARED BY THE U.S. DEPARTMENT OF HEALTH AND HUMAN SERVICE (HHS) UNDER SECTION 319 OF THE PUBLIC HEALTH SERVICE ACT, AND DECEMBER 31, 2021. BENEFICIARIES INCLUDE THE EMPLOYEES OF THE FOOD PROCESSORS, DISTRIBUTORS, FARMERS MARKETS, AND PRODUCERS.",2022,20000.0,86,2054000.0,88,174
2219,23OMDGTX0056,TIDAL FOODS PBC,Armagh Fine Foods LLC dba Armagh Creamery,"THIS GRANT SUPPORTS THE COSTS INCURRED TO IMPLEMENT MEASURES TO RESPOND TO THE NOVEL CORONAVIRUS 2019 (COVID-19), WHICH MAY INCLUDE WORKPLACE SAFETY, MARKET PIVOTS, RETROFITTING FACILITIES, TRANSPORTATION, WORKER HOUSING, AND MEDICAL EXPENSES. IT PROVIDES NEEDED RELIEF TO THE FOOD PROCESSORS, DISTRIBUTORS, FARMERS MARKETS, AND PRODUCERS FOR THEIR COSTS INCURRED BETWEEN JANUARY 27, 2020, THE DATE UPON WHICH THE PUBLIC HEALTH EMERGENCY WAS DECLARED BY THE U.S. DEPARTMENT OF HEALTH AND HUMAN SERVICE (HHS) UNDER SECTION 319 OF THE PUBLIC HEALTH SERVICE ACT, AND DECEMBER 31, 2021. BENEFICIARIES INCLUDE THE EMPLOYEES OF THE FOOD PROCESSORS, DISTRIBUTORS, FARMERS MARKETS, AND PRODUCERS.",2022,20000.0,86,2054000.0,88,174
7969,23OMDGOR0075,REGION FIVE DEVELOPMENT COMMISSION,Cascade Pacific Resource Conservation and Development,"THIS PROJECT WILL ACCELERATE THE TRANSFORMATION OF REGIONAL FOOD SYSTEMS, INCREASING ECONOMIC ACTIVITY FOCUSED ON EXPANSION OF SMALL MID-SIZED AGRICULTURAL VALUE CHAINS IN NORTH DAKOTA, SOUTH DAKOTA, AND MINNESOTA THROUGH THE ESTABLISHMENT OF MINKOTA USD",2023,15000000.0,86,1500000.0,95,181
6620,23OMDGCT0003,UNITED NEIGHBORHOOD CENTERS OF NORTHEASTERN PENNSYLVANIA,Connecticut Department of Agriculture,"THIS GRANT SUPPORTS THE COSTS INCURRED TO IMPLEMENT MEASURES TO RESPOND TO THE NOVEL CORONAVIRUS 2019 (COVID-19), WHICH MAY INCLUDE WORKPLACE SAFETY, MARKET PIVOTS, RETROFITTING FACILITIES, TRANSPORTATION, WORKER HOUSING, AND MEDICAL EXPENSES. IT PROVIDES NEEDED RELIEF TO THE FOOD PROCESSORS, DISTRIBUTORS, FARMERS MARKETS, AND PRODUCERS FOR THEIR COSTS INCURRED BETWEEN JANUARY 27, 2020, THE DATE UPON WHICH THE PUBLIC HEALTH EMERGENCY WAS DECLARED BY THE U.S. DEPARTMENT OF HEALTH AND HUMAN SERVICE (HHS) UNDER SECTION 319 OF THE PUBLIC HEALTH SERVICE ACT, AND DECEMBER 31, 2021. BENEFICIARIES INCLUDE THE EMPLOYEES OF THE FOOD PROCESSORS, DISTRIBUTORS, FARMERS MARKETS, AND PRODUCERS.",2022,10000.0,86,100000.0,93,179
732,23OMDGWA0085,RIVER VALLEY ORGANICS,George J Otte DBA River Valley Organics,"SMALL ORGANIC GROWERS OFTEN HAVE DIFFICULTY GETTING THEIR FRUIT PACKED AND INTO THE MARKETPLACE BY LARGE PACKING WAREHOUSES. AFTER YEARS OF STRUGGLING FINANCIALLY, WE REALIZED THAT THE ONLY WAY FOR OUR FARM TO BE SUSTAINABLE WAS TO PACK AND SELL OUR OWN FRUIT. SEVERAL YEARS AGO OUR BUYERS ASKED US TO INCREASE OUR PRODUCTION. WE HAVE DONE SO, BUT ARE NOW FACING A DILEMMA IN TERMS OF BEING ABLE TO PACK ENOUGH FRUIT DAILY TO MEET THE DEMAND. WE ALSO WOULD LIKE TO BE ABLE TO OFFER PACKING SERVICES TO OTHER SMALL GROWERS. PURCHASING A SMALL APPLE PACKING LINE WILL ALLOW US TO PACK 600 BOXES PER DAY (ACCORDING TO MANUFACTURER DATA), RATHER THAN THE MAXIMUM 150 PER DAY CURRENTLY POSSIBLE BY HAND-WIPING EACH PIECE OF FRUIT, SO WE WILL BE PAYING THE SAME AMOUNT ON LABOR WHILE INCREASING OUR OUTPUT X 4. IT WILL ENABLE EMPLOYEES TO RETAIN THEIR JOBS WHILE PERFORMING LESS PHYSICALLY DEMANDING TASKS. WE, AS WELL AS THE OTHER FARMERS WHOSE FRUIT WE WILL BE ABLE TO PACK, WILL HAVE EXPANDED ACCESS TO ORGANIC MARKETS DUE TO A LARGER, MORE TIMELY INVENTORY OF PACKED FRUIT TO SELL.",2024,15510.0,90,15510.0,100,190
7967,23OMDGMI0016,HAWAII GOOD FOOD ALLIANCE,Giovanni's Appetizing Food Products INC.,"THE ISLANDS AND REMOTE AREAS RFBC AIMS TO SERVE AS THE CORNERSTONE OF USDAS DEVELOPMENT OF LOCAL AND REGIONAL SUPPLY CHAINS FOR THE LOCAL FARMING COMMUNITIES OF THE PACIFIC ISLANDS OF HAWAII, GUAM, NORTHERN MARIANA ISLANDS, AMERICAN SAMOA, THE STATE OF AL",2023,30000000.0,86,3000000.0,95,181
7833,,KEENE GARLIC,Great Lakes Garlic Farm,"THIS GRANT SUPPORTS THE COSTS INCURRED TO IMPLEMENT MEASURES TO RESPOND TO THE NOVEL CORONAVIRUS 2019 (COVID-19), WHICH MAY INCLUDE WORKPLACE SAFETY, MARKET PIVOTS, RETROFITTING FACILITIES, TRANSPORTATION, WORKER HOUSING, AND MEDICAL EXPENSES. IT PROVIDES NEEDED RELIEF TO THE FOOD PROCESSORS, DISTRIBUTORS, FARMERS MARKETS, AND PRODUCERS FOR THEIR COSTS INCURRED BETWEEN JANUARY 27, 2020, THE DATE UPON WHICH THE PUBLIC HEALTH EMERGENCY WAS DECLARED BY THE U.S. DEPARTMENT OF HEALTH AND HUMAN SERVICE (HHS) UNDER SECTION 319 OF THE PUBLIC HEALTH SERVICE ACT, AND DECEMBER 31, 2021. BENEFICIARIES INCLUDE THE EMPLOYEES OF THE FOOD PROCESSORS, DISTRIBUTORS, FARMERS MARKETS, AND PRODUCERS.",2022,19999.0,86,99999.0,86,172
1806,23OMDGCA0070,CONFEDERATED TRIBES AND BANDS OF THE YAKAMA NATION,Heal the Earth,<<SYBASE_LR_DATAACTD2_PROD_01_LR_DATAACTD2_PROD_01_LR_DATAACTD2_PROD_01_59_104_8_94_LONG_USDAAM00_12K2_ASSISTANCE_20231006071753_CSV.TXT>>,2022,1500000.0,86,1500000.0,100,186
1643,23OMDGIA0088,ELLSWORTH COOPERATIVE CREAMERY,"Kalona Creamery, LLC","THE PURPOSE OF THIS AGREEMENT IS TO DISTRIBUTE PANDEMIC MARKET VOLATILITY ASSISTANCE PROGRAM MONIES TO DAIRY FARMERS WHO RECEIVED A LOWER VALUE DUE TO MARKET ABNORMALITIES CAUSED BY THE PANDEMIC AND ENSUING FEDERAL POLICIES. RECIPIENTS WILL DISBURSE PMVAP MONIES TO ELIGIBLE PRODUCERS.  IN ADDITIONAL, RECIPIENTS MUST OBTAIN ADJUSTED GROSS INCOME ATTESTATIONS FROM ELIGIBLE PRODUCERS, ISSUE 1099-MISC TO EACH PRODUCER REFLECTING THEIR PMVAP PAYMENT, PROVIDE DOCUMENTATION PAYMENTS WERE MADE IN ACCORDANCE TO PROGRAM RULES, AND PROVIDE DAIRY POLICY EDUCATION TO ELIGIBLE PRODUCERS. RECIPIENTS WILL DISBURSE ALL PMVAP MONIES TO ELIGIBLE PRODUCERS, PROVIDE AND DOCUMENT DAIRY POLICY EDUCATION EFFORTS, AND BE SUBJECT TO PAYMENT VERIFICATION BY USDA STAFF. DAIRY FARMERS WHOSE MILK WE MARKETED TO A FEDERAL MILK MARKETING ORDER REGULATED HANDLER DURING JULY THROUGH DECEMBER 2020 ARE THE INTENDED BENEFICIARIES. THERE ARE NO SUBRECIPIENT ACTIVITIES.",2023,0.0,86,950000.0,90,176
4129,23OMDGWA0071,ANGELA GRACE BRITT,"Lukens Farms, Inc. DBA Grace Harbor Farms","THIS GRANT SUPPORTS THE COSTS INCURRED TO IMPLEMENT MEASURES TO RESPOND TO THE NOVEL CORONAVIRUS 2019 (COVID-19), WHICH MAY INCLUDE WORKPLACE SAFETY, MARKET PIVOTS, RETROFITTING FACILITIES, TRANSPORTATION, WORKER HOUSING, AND MEDICAL EXPENSES. IT PROVIDES NEEDED RELIEF TO THE FOOD PROCESSORS, DISTRIBUTORS, FARMERS MARKETS, AND PRODUCERS FOR THEIR COSTS INCURRED BETWEEN JANUARY 27, 2020, THE DATE UPON WHICH THE PUBLIC HEALTH EMERGENCY WAS DECLARED BY THE U.S. DEPARTMENT OF HEALTH AND HUMAN SERVICE (HHS) UNDER SECTION 319 OF THE PUBLIC HEALTH SERVICE ACT, AND DECEMBER 31, 2021. BENEFICIARIES INCLUDE THE EMPLOYEES OF THE FOOD PROCESSORS, DISTRIBUTORS, FARMERS MARKETS, AND PRODUCERS.",2022,20000.0,86,2054000.0,88,174
6828,23OMDGMD0028,RANDALL JACK MINTON,Moon Valley Farm Inc,"THIS GRANT SUPPORTS THE COSTS INCURRED TO IMPLEMENT MEASURES TO RESPOND TO THE NOVEL CORONAVIRUS 2019 (COVID-19), WHICH MAY INCLUDE WORKPLACE SAFETY, MARKET PIVOTS, RETROFITTING FACILITIES, TRANSPORTATION, WORKER HOUSING, AND MEDICAL EXPENSES. IT PROVIDES NEEDED RELIEF TO THE FOOD PROCESSORS, DISTRIBUTORS, FARMERS MARKETS, AND PRODUCERS FOR THEIR COSTS INCURRED BETWEEN JANUARY 27, 2020, THE DATE UPON WHICH THE PUBLIC HEALTH EMERGENCY WAS DECLARED BY THE U.S. DEPARTMENT OF HEALTH AND HUMAN SERVICE (HHS) UNDER SECTION 319 OF THE PUBLIC HEALTH SERVICE ACT, AND DECEMBER 31, 2021. BENEFICIARIES INCLUDE THE EMPLOYEES OF THE FOOD PROCESSORS, DISTRIBUTORS, FARMERS MARKETS, AND PRODUCERS.",2022,9500.0,48,950000.0,86,134
622,23OMDGVA0014,SAVANNA INSTITUTE,Organic Marketing Institute,"REGIONAL BERRY CROP PRODUCTION OF ELDERBERRY, BLACK CURRANT, ARONIA, AND HONEYBERRY IS A MAJOR ECONOMIC OPPORTUNITY FOR MIDWEST FARMERS AND, AS WOODY PERENNIALS, THESE CROPS CAN SEQUESTER CARBON TO REDUCE LEVELS OF GREENHOUSE GASSES IN THE ATMOSPHERE. ALTHOUGH ACTIVE MARKET DEMAND IS A PRIMARY LIMITING FACTOR, PRELIMINARY STAKEHOLDER CONVERSATIONS SUGGEST THAT TAPPING INTO THE ROBUST MARKETS FOR SMALL FRUIT IS WITHIN REACH. TURNKEY FUNDING WILL BE USED TO FULLY RESEARCH THIS OPPORTUNITY IN THE MIDWEST AND DEVELOP A BERRY MARKETING AND BRANDING CAMPAIGN, WITH ASSOCIATED MATERIALS. THE CAMPAIGN WILL HELP ALL FOUR CROPS COLLECTIVELY AND INDIVIDUALLY FOR EXAMPLE, HARNESSING EXISTING CONSUMER AWARENESS AROUND ELDERBERRIES TO ELEVATE THE POSITIONING OF OTHERS, INCLUDING ARONIA, WHICH COULD CONVERT STRANDED ARONIA ACREAGE FROM LIABILITY TO ASSET.THE SAVANNA INSTITUTE, A MIDWEST AGROFORESTRY NONPROFIT, WILL DEVELOP A MARKETING STRATEGY, PLAN, AND MATERIALS TO POSITION THE FOUR BERRIES AS BEING DESIRABLE IN THE MINDS OF MIDWEST BUYERS AND CONSUMERS. THE PROJECT WILL LEVERAGE OUR FRUIT AND NUT CROP MARKET DEVELOPMENT EXPERTISE, OUR REGIONAL AND NATIONAL NETWORK OF FARMERS AND FOOD INDUSTRY CONTACTS, AND A CONTRACT WITH TASTE PROFIT MARKETING, A SPECIALTY FOOD BUSINESS MARKETING AND BRANDING FIRM. OUR NETWORKS WILL BE INVALUABLE NOT JUST FOR THIS MARKET RESEARCH AND CAMPAIGN DEVELOPMENT, BUT ALSO FOR THE NEXT STEPS OF FUNDING AND LAUNCHING THE CAMPAIGN. A MIDWEST BERRY MARKETING BOARD OR EQUIVALENT STAKEHOLDER-LED STRUCTURE TO EMERGE FROM THESE EFFORTS AND ANTICIPATE TRANSFERRING TO IT THE INCUBATED ASSETS (WHETHER BEFORE OR AFTER THE CAMPAIGN LAUNCH).",2023,125000.0,86,2054000.0,82,168
5482,23OMDGDC0090,VETERANS EMPLOYMENT BASE CAMP AND ORGANIC GARDEN,Organic Trade Assoication,"THIS GRANT SUPPORTS THE COSTS INCURRED TO IMPLEMENT MEASURES TO RESPOND TO THE NOVEL CORONAVIRUS 2019 (COVID-19), WHICH MAY INCLUDE WORKPLACE SAFETY, MARKET PIVOTS, RETROFITTING FACILITIES, TRANSPORTATION, WORKER HOUSING, AND MEDICAL EXPENSES. IT PROVIDES NEEDED RELIEF TO THE FOOD PROCESSORS, DISTRIBUTORS, FARMERS MARKETS, AND PRODUCERS FOR THEIR COSTS INCURRED BETWEEN JANUARY 27, 2020, THE DATE UPON WHICH THE PUBLIC HEALTH EMERGENCY WAS DECLARED BY THE U.S. DEPARTMENT OF HEALTH AND HUMAN SERVICE (HHS) UNDER SECTION 319 OF THE PUBLIC HEALTH SERVICE ACT, AND DECEMBER 31, 2021. BENEFICIARIES INCLUDE THE EMPLOYEES OF THE FOOD PROCESSORS, DISTRIBUTORS, FARMERS MARKETS, AND PRODUCERS.",2022,6500.0,86,2054000.0,86,172
4613,23OMDGPA0005,PROJECT BRIGHT FUTURE MENTORING PROGRAM,Pa Flax Project,"THIS GRANT SUPPORTS THE COSTS INCURRED TO IMPLEMENT MEASURES TO RESPOND TO THE NOVEL CORONAVIRUS 2019 (COVID-19), WHICH MAY INCLUDE WORKPLACE SAFETY, MARKET PIVOTS, RETROFITTING FACILITIES, TRANSPORTATION, WORKER HOUSING, AND MEDICAL EXPENSES. IT PROVIDES NEEDED RELIEF TO THE FOOD PROCESSORS, DISTRIBUTORS, FARMERS MARKETS, AND PRODUCERS FOR THEIR COSTS INCURRED BETWEEN JANUARY 27, 2020, THE DATE UPON WHICH THE PUBLIC HEALTH EMERGENCY WAS DECLARED BY THE U.S. DEPARTMENT OF HEALTH AND HUMAN SERVICE (HHS) UNDER SECTION 319 OF THE PUBLIC HEALTH SERVICE ACT, AND DECEMBER 31, 2021. BENEFICIARIES INCLUDE THE EMPLOYEES OF THE FOOD PROCESSORS, DISTRIBUTORS, FARMERS MARKETS, AND PRODUCERS.",2022,19994.0,86,1999842.0,88,174
1369,23OMDGNM0047,"CALIFORNIA STATE UNIVERSITY, FRESNO FOUNDATION",Sunny State Products Inc,"CALIFORNIA PRODUCES MORE MILK THAN ANY OTHER STATE, YET ITS DAIRY BUSINESSES FACE SIGNIFICANT CHALLENGES VOLATILE FLUID MILK PRICES, DECLINING MILK DEMAND, AND INCREASED COSTS THE STRUGGLE TO REMAIN VIABLE EXTENDS TODAIRY PRODUCERS AND PROCESSORS THROUGHOUT THE PACIFIC COAST REGION CALIFORNIA, OREGON, WASHINGTON ANDNEIGHBORING NEVADA, NEW MEXICO, AND ARIZONA BETWEEN 2012 AND 2022, THESE STATES LOST 50 OF THEIR DAIRY FARMS USDA CENSUS OF AGRICULTURE, 2012 4,120 FARMS STATE DAIRY WEBSITES 2022 2,058 FARMS YET CUMULATIVELY STILLPRODUCE 30 OF ALL USA MILK GIVEN THE DEVASTATING IMPACTS OF THE COVID 19 PANDEMIC, THE OUTLOOK IS EVENGRIMMER A COLLABORATIVE EFFORT SUPPORTING REGIONAL DAIRY BUSINESSES IN THE DEVELOPMENT, PRODUCTION, MARKETING,AND DISTRIBUTION OF DAIRY PRODUCTS IS DESPERATELY NEEDED AS SUCH, CALIFORNIA STATE UNIVERSITY, FRESNO WILL LEADA COLLABORATIVE EFFORT LEVERAGING EXISTING DAIRY INDUSTRY RESOURCES, INCLUDING INSTITUTIONS OF HIGHER EDUCATION COMMUNITY COLLEGES, STATE DAIRY PROMOTION PROGRAMS RESEARCH ORGANIZATIONS AND INDUSTRY STAKEHOLDERS, AMONGOTHERS, TO ACHIEVE THE PROJECT GOAL OF SPURRING REGIONAL DAIRY INNOVATION BY ASSISTING DAIRY BUSINESSES INDEVELOPING HIGHER VALUE USES FOR THEIR MILK, DIVERSIFYING THEIR MARKETS INCOME, AND REALIZING INCREASED RETURNS THE PROJECT GOAL WILL BE ACCOMPLISHED BY EXPANDING THE CAPACITY OF THE PACIFIC COAST COALITION DAIRY BUSINESSINNOVATION INITIATIVE THAT WILL PROVIDE 1 DIRECT TECHNICAL ASSISTANCE TO DAIRY BUSINESSES THROUGH HANDS ONCONSULTANCIES, WORKSHOPS, CONFERENCES, SHORT COURSES, CERTIFICATE PROGRAMS, WEBINARS, AND UNIVERSITY STUDENTINTERNSHIPS AND 2 DIRECT SUBAWARDS TO DAIRY BUSINESSES PARTICULAR EMPHASIS WILL BE PLACED ON BENEFITTINGSMALLER DAIRY FARM BUSINESSES, UNDERSERVED DAIRY PRODUCERS, VETERAN DAIRY PRODUCERS, UNDERSERVED COMMUNITIES",2022,19000000.0,86,100000.0,89,175
3809,23OMDGNH0091,PRODUCE IN THE PARK,"THE BUTCHER BLOCK, INC. DBA NORTH COUNTRY SMOKEHOUSE","THIS GRANT SUPPORTS THE COSTS INCURRED TO IMPLEMENT MEASURES TO RESPOND TO THE NOVEL CORONAVIRUS 2019 (COVID-19), WHICH MAY INCLUDE WORKPLACE SAFETY, MARKET PIVOTS, RETROFITTING FACILITIES, TRANSPORTATION, WORKER HOUSING, AND MEDICAL EXPENSES. IT PROVIDES NEEDED RELIEF TO THE FOOD PROCESSORS, DISTRIBUTORS, FARMERS MARKETS, AND PRODUCERS FOR THEIR COSTS INCURRED BETWEEN JANUARY 27, 2020, THE DATE UPON WHICH THE PUBLIC HEALTH EMERGENCY WAS DECLARED BY THE U.S. DEPARTMENT OF HEALTH AND HUMAN SERVICE (HHS) UNDER SECTION 319 OF THE PUBLIC HEALTH SERVICE ACT, AND DECEMBER 31, 2021. BENEFICIARIES INCLUDE THE EMPLOYEES OF THE FOOD PROCESSORS, DISTRIBUTORS, FARMERS MARKETS, AND PRODUCERS.",2022,4000.0,86,2054000.0,90,176
2923,23OMDGCA0018,SAN LUIS VALLEY LOCAL FOODS COALITION,"TIDAL FOODS, INC.","THIS GRANT SUPPORTS THE COSTS INCURRED TO IMPLEMENT MEASURES TO RESPOND TO THE NOVEL CORONAVIRUS 2019 (COVID-19), WHICH MAY INCLUDE WORKPLACE SAFETY, MARKET PIVOTS, RETROFITTING FACILITIES, TRANSPORTATION, WORKER HOUSING, AND MEDICAL EXPENSES. IT PROVIDES NEEDED RELIEF TO THE FOOD PROCESSORS, DISTRIBUTORS, FARMERS MARKETS, AND PRODUCERS FOR THEIR COSTS INCURRED BETWEEN JANUARY 27, 2020, THE DATE UPON WHICH THE PUBLIC HEALTH EMERGENCY WAS DECLARED BY THE U.S. DEPARTMENT OF HEALTH AND HUMAN SERVICE (HHS) UNDER SECTION 319 OF THE PUBLIC HEALTH SERVICE ACT, AND DECEMBER 31, 2021. BENEFICIARIES INCLUDE THE EMPLOYEES OF THE FOOD PROCESSORS, DISTRIBUTORS, FARMERS MARKETS, AND PRODUCERS.",2022,20000.0,86,2054000.0,88,174
682,23OMDGTN0103,TIFFANY GREGORY,Tiffany Leigh Stanley (A Different Chick Farm & Orchard),"THE PURPOSE OF THIS PROJECT IS TO SUPPORT ON-FARM GROWTH AND DIVERSIFICATION AND TO PROVIDE THE MULTIPLE CERTIFIED ORGANIC FARMS IN NORTHERN MICHIGAN A VIABLE PROCESSING CAPABILITY FOR SHELF-STABLE, VALUE-ADDED PRODUCTS SUCH AS DEHYDRATED ORGANIC ROOT VEGETABLES.  THERE IS CURRENTLY A LACK OF AVAILABLE ORGANIC OPTIONS FOR HIGH-QUALITY, LOCAL SHELF-STABLE PRODUCTS. THIS FUNDING WILL ALSO ENABLE ACCESS TO  MARKETS FOR CURRENT LEGUMES AND ROTATION CROPS TO BE SOLD AS CERTIFIED ORGANIC LIVESTOCK FEED, ENABLING MARKET ACCESS FOR MORE READILY AVAILABLE CERTIFIED ORGANIC ANIMAL PROTEIN. ACTIVITIES TO BE PERFORMED ARE (1) PLANTING AND HARVESTING MORE ROOT CROPS, PEELING AND MINCING CUBING ORGANIC VEGETABLES, DEHYDRATING ORGANIC VEGETABLES AND POWDERED PRODUCTS SUCH AS GARLIC, ONION, PEPPERS, AND GINGER POWDER, (2) EXPANDING CROP ROTATION SYSTEM TO INCLUDE LEGUMES (PEAS) AND FORAGE CROPS FOR LOCAL FOOD AND LIVESTOCK FEED BY EXPANDING STORAGE. THE PROJECT DELIVERABLES WILL INCLUDE PROCUREMENT OF NECESSARY EQUIPMENT TO PURSUE THE ACTIVITIES ABOVE, WITH THE FOLLOWING DELIVERABLES AND EXPECTED OUTCOMES: 1. CROP ROTATION SYSTEM TO INCLUDE COVER CROPS THAT CAN BE PROCESSED INTO SHELF-STABLE FLOURS ENABLING A NEW MARKET AND MONETIZING COVER CROP LEGUMES.2. DECREASE THE BOTTLENECK IN ORGANIC LIVESTOCK FEED SUPPLY CHAINS IN NORTHERN MICHIGAN AND ENABLE MORE ORGANIC ANIMAL PROTEIN TO BE AVAILABLE IN OUR COMMUNITY.3. DIVERSIFY PLANTING AND OUTPUT OF ORGANIC SHELF-STABLE PRODUCTS WE CAN OFFER FOR SALE4. ACT AS A HUB FOR OTHER ORGANIC FARMS IN NORTHERN MICHIGAN TO BE ABLE TO PROCESS THEIR ORGANIC INPUTS (MOSTLY VEGETABLES) INTO DEHYDRATED OR OTHER SHELF-STABLE ORGANIC PRODUCTS5. EXPAND OFFERINGS OF DEHYDRATED PRODUCTS AVAILABLE TO BENEFIT CUSTOMERS WITH DISABILITIES OR DIFFICULTIES USING A KNIFE  DEHYDRATED FORMATS ARE A PREFERRED SUBSTITUTE FOR THIS UNDERSERVED GROUP.",2024,94425.0,86,94425.0,100,186
6030,23OMDGNC0050,HORTON HOUSE SCONE COMPANY,Tony Horton,"THIS GRANT SUPPORTS THE COSTS INCURRED TO IMPLEMENT MEASURES TO RESPOND TO THE NOVEL CORONAVIRUS 2019 (COVID-19), WHICH MAY INCLUDE WORKPLACE SAFETY, MARKET PIVOTS, RETROFITTING FACILITIES, TRANSPORTATION, WORKER HOUSING, AND MEDICAL EXPENSES. IT PROVIDES NEEDED RELIEF TO THE FOOD PROCESSORS, DISTRIBUTORS, FARMERS MARKETS, AND PRODUCERS FOR THEIR COSTS INCURRED BETWEEN JANUARY 27, 2020, THE DATE UPON WHICH THE PUBLIC HEALTH EMERGENCY WAS DECLARED BY THE U.S. DEPARTMENT OF HEALTH AND HUMAN SERVICE (HHS) UNDER SECTION 319 OF THE PUBLIC HEALTH SERVICE ACT, AND DECEMBER 31, 2021. BENEFICIARIES INCLUDE THE EMPLOYEES OF THE FOOD PROCESSORS, DISTRIBUTORS, FARMERS MARKETS, AND PRODUCERS.",2022,20000.0,86,2054000.0,88,174
5222,23OMDGCO0065,BILOXI FREEZING AND PROCESSING CO.,"Tuxedo Corn Co, LLC","THIS GRANT SUPPORTS THE COSTS INCURRED TO IMPLEMENT MEASURES TO RESPOND TO THE NOVEL CORONAVIRUS 2019 (COVID-19), WHICH MAY INCLUDE WORKPLACE SAFETY, MARKET PIVOTS, RETROFITTING FACILITIES, TRANSPORTATION, WORKER HOUSING, AND MEDICAL EXPENSES. IT PROVIDES NEEDED RELIEF TO THE FOOD PROCESSORS, DISTRIBUTORS, FARMERS MARKETS, AND PRODUCERS FOR THEIR COSTS INCURRED BETWEEN JANUARY 27, 2020, THE DATE UPON WHICH THE PUBLIC HEALTH EMERGENCY WAS DECLARED BY THE U.S. DEPARTMENT OF HEALTH AND HUMAN SERVICE (HHS) UNDER SECTION 319 OF THE PUBLIC HEALTH SERVICE ACT, AND DECEMBER 31, 2021. BENEFICIARIES INCLUDE THE EMPLOYEES OF THE FOOD PROCESSORS, DISTRIBUTORS, FARMERS MARKETS, AND PRODUCERS.",2022,20000.0,86,2054000.0,88,174
6415,23OMDGCA0011,KRISTIN HILL VINEYARD CO,Vista Livestock Co. dba Burroughs Family Orchards,"THIS GRANT SUPPORTS THE COSTS INCURRED TO IMPLEMENT MEASURES TO RESPOND TO THE NOVEL CORONAVIRUS 2019 (COVID-19), WHICH MAY INCLUDE WORKPLACE SAFETY, MARKET PIVOTS, RETROFITTING FACILITIES, TRANSPORTATION, WORKER HOUSING, AND MEDICAL EXPENSES. IT PROVIDES NEEDED RELIEF TO THE FOOD PROCESSORS, DISTRIBUTORS, FARMERS MARKETS, AND PRODUCERS FOR THEIR COSTS INCURRED BETWEEN JANUARY 27, 2020, THE DATE UPON WHICH THE PUBLIC HEALTH EMERGENCY WAS DECLARED BY THE U.S. DEPARTMENT OF HEALTH AND HUMAN SERVICE (HHS) UNDER SECTION 319 OF THE PUBLIC HEALTH SERVICE ACT, AND DECEMBER 31, 2021. BENEFICIARIES INCLUDE THE EMPLOYEES OF THE FOOD PROCESSORS, DISTRIBUTORS, FARMERS MARKETS, AND PRODUCERS.",2022,10000.0,86,100000.0,93,179
2153,23OMDGHI0093,YUMA COMMUNITY FOOD BANK,Waiʻanae Community Re-Development Corporation,"THIS GRANT SUPPORTS THE COSTS INCURRED TO IMPLEMENT MEASURES TO RESPOND TO THE NOVEL CORONAVIRUS 2019 (COVID-19), WHICH MAY INCLUDE WORKPLACE SAFETY, MARKET PIVOTS, RETROFITTING FACILITIES, TRANSPORTATION, WORKER HOUSING, AND MEDICAL EXPENSES. IT PROVIDES NEEDED RELIEF TO THE FOOD PROCESSORS, DISTRIBUTORS, FARMERS MARKETS, AND PRODUCERS FOR THEIR COSTS INCURRED BETWEEN JANUARY 27, 2020, THE DATE UPON WHICH THE PUBLIC HEALTH EMERGENCY WAS DECLARED BY THE U.S. DEPARTMENT OF HEALTH AND HUMAN SERVICE (HHS) UNDER SECTION 319 OF THE PUBLIC HEALTH SERVICE ACT, AND DECEMBER 31, 2021. BENEFICIARIES INCLUDE THE EMPLOYEES OF THE FOOD PROCESSORS, DISTRIBUTORS, FARMERS MARKETS, AND PRODUCERS.",2022,10000.0,86,100000.0,93,179
731,23OMDGCA0025,LUKENS FARMS INC.,"Wehah Farm, Inc dba Lundberg Family Farms","GRACE HARBOR FARMS IS A VERTICALLY INTEGRATED FARM AND FOOD BUSINESS THAT IS PASSIONATE ABOUT GOOD, NATURAL FOOD. FROM THE FARM TO THE GROCERY STORE, WE CONTROL OUR PRODUCTS THROUGH EVERY STAGE OF THE SUPPLY CHAIN. WE SELL WHOLESALE AND WE DELIVER DIRECTLY 80 OF OUR VOLUME. WE HAVE A DISTRIBUTOR FOR THE OTHER 20 OF CLIENTS THAT WE CANNOT SERVICE EASILY OURSELVES. TIM GRACE LUKENS STARTED GRACE HARBOR FARMS IN 1999 AS A HOBBY. BEFORE THEY KNEW IT, THEY WERE SELLING SKINCARE PRODUCTS FROM A GOAT MILK BASE (WHICH THEY STILL SELL TODAY UNDER GRACE HARBOR INTERNATIONAL). TIMS SON, DAVID, HAS BEEN INVOLVED FROM THE START AND TOOK OVER THE BUSINESS IN 2020.GRACE HARBOR FARMS IS A TRUSTED NAME IN THE GREATER PUGET SOUND AREA. WE HAVE ESTABLISHED A STRONG RELATIONSHIP WITH PCC NATURAL FOODS, WHOLE FOODS, SAFEWAY, ALBERTSONS, QFC, FRED MEYER, TOWN COUNTRY, HAGGEN, AND LOCAL INDEPENDENT CO-OPS, ALL WITHOUT HAVING TO PAY SLOTTING FEES. WE HAVE PARTNERED WITH SEVERAL LOCAL DAIRY OPERATORS TO PURCHASE RAW MILK FROM THEM TO PASTEURIZE, BOTTLE AND MARKET UNDER OUR BRAND NAME. THERE IS A STRONG DEMAND FOR OUR CONVENTIONAL MILK PRODUCTS AND WE ARE NOW READY TO PARTNER WITH OUR ORGANIC DAIRY NEIGHBORS TO BRING MORE ORGANIC DAIRY PRODUCTS TO MARKET. THERE IS A STRONG DEMAND FOR OUR PRODUCTS AND WITH THE ADDITION OF A MILK CHILLER AND A MILK TRAILER, WE WILL BE POISED AND READY TO MEET THAT DEMAND.",2024,99860.7,86,99860.7,100,186
5132,23OMDGMN0094,J&J PROCESSING,"World Food Processing, LLC","THIS GRANT SUPPORTS THE COSTS INCURRED TO IMPLEMENT MEASURES TO RESPOND TO THE NOVEL CORONAVIRUS 2019 (COVID-19), WHICH MAY INCLUDE WORKPLACE SAFETY, MARKET PIVOTS, RETROFITTING FACILITIES, TRANSPORTATION, WORKER HOUSING, AND MEDICAL EXPENSES. IT PROVIDES NEEDED RELIEF TO THE FOOD PROCESSORS, DISTRIBUTORS, FARMERS MARKETS, AND PRODUCERS FOR THEIR COSTS INCURRED BETWEEN JANUARY 27, 2020, THE DATE UPON WHICH THE PUBLIC HEALTH EMERGENCY WAS DECLARED BY THE U.S. DEPARTMENT OF HEALTH AND HUMAN SERVICE (HHS) UNDER SECTION 319 OF THE PUBLIC HEALTH SERVICE ACT, AND DECEMBER 31, 2021. BENEFICIARIES INCLUDE THE EMPLOYEES OF THE FOOD PROCESSORS, DISTRIBUTORS, FARMERS MARKETS, AND PRODUCERS.",2022,7747.0,86,2054000.0,86,172
6526,23OMDGIA0099,DEVIN TYLER BARTO,levi Lyle,"THIS GRANT SUPPORTS THE COSTS INCURRED TO IMPLEMENT MEASURES TO RESPOND TO THE NOVEL CORONAVIRUS 2019 (COVID-19), WHICH MAY INCLUDE WORKPLACE SAFETY, MARKET PIVOTS, RETROFITTING FACILITIES, TRANSPORTATION, WORKER HOUSING, AND MEDICAL EXPENSES. IT PROVIDES NEEDED RELIEF TO THE FOOD PROCESSORS, DISTRIBUTORS, FARMERS MARKETS, AND PRODUCERS FOR THEIR COSTS INCURRED BETWEEN JANUARY 27, 2020, THE DATE UPON WHICH THE PUBLIC HEALTH EMERGENCY WAS DECLARED BY THE U.S. DEPARTMENT OF HEALTH AND HUMAN SERVICE (HHS) UNDER SECTION 319 OF THE PUBLIC HEALTH SERVICE ACT, AND DECEMBER 31, 2021. BENEFICIARIES INCLUDE THE EMPLOYEES OF THE FOOD PROCESSORS, DISTRIBUTORS, FARMERS MARKETS, AND PRODUCERS.",2022,7000.0,70,2054000.0,86,156
667,23OMDGIL0082,ADELANTE CENTER FOR ENTREPRENEURSHIP,ADELANTE CENTER FOR ENTREPRENEURSHIP,"ADELANTE CENTERS GARFIELD PRODUCE SUSTAINABLE HYDROPONICS URBAN FARM PRODUCES PREMIUM QUALITY MICROGREENS FOR REGIONAL DISTRIBUTION IN ITS CLEAN FACILITY LOCATED IN ONE OF CHICAGOS MOST DISTRESSED WEST SIDE COMMUNITIES.   ITS PRODUCTS ARE SUSTAINABLY GROWN YEAR ROUND AND SOLD TO LOCAL HOTELS, HOSPITALS, UNIVERSITIES, AND RESTAURANTS THROUGH 7 REGIONAL WHOLESALE DISTRIBUTORS. GARFIELD PRODUCE IS THE LARGEST AND MOST PROFITABLE MINORITY AND DISABLED VETERAN OWNED FARM IN THE CHICAGOLAND AREA.   2023 PLANNED EXPANSION IS FOCUSED ON INCREASING FARM CAPACITY IN ORDER TO PROVIDE OUR EXISTING DISTRIBUTION CHANNELS WITH A CONSUMER FACING ORGANIC RETAIL PRODUCT FOR THE FIRST TIME AND EXPLORE EXPANDING OUR ORGANIC PRODUCTS TO NEW LOCAL MIDWEST MARKETS.   ADDITIONALLY, THE NETWORK OF ORGANIC CERTIFIED FARMS IS SEGMENTED  BETWEEN URBAN AND RURAL PRODUCERS AND TRANSPORTATION COSTS LIMIT ACCESS TO KEY MARKETS LIKE CHICAGO.  THIS GRANT WILL ALLOW ADELANTE CENTERS GARFIELD PRODUCE TO MAKE THE KEY INVESTMENTS THAT WILL FACILITATE IMPLEMENTATION OF A CONSUMER FACING RETAIL ORGANIC MICROGREEN PRODUCT, INCLUDING BRAND DEVELOPMENT, MARKETING, AND PRODUCT PROMOTION IN NEW AND EXISTING DISTRIBUTION CHANNELS. WE WILL ALSO UPGRADE FARM EQUIPMENT TO FACILITATE ORGANIC PACKAGING, HANDLING, FOOD SAFETY, ENVIRONMENTAL CONTROLS, AND FARM AUTOMATION.  ADELANTE WILL FACILITATE A ONE DAY CONFERENCE TO NETWORK EXISTING RURAL AND URBAN ORGANIC PRODUCERS TO SHARE BEST AGRICULTURAL PRACTICES AND ESTABLISH AND TEST AN ALTERNATIVE REFRIGERATED PRODUCE PICK UP AND DELIVERY COLLECTIVE SYSTEM (ALTERNATIVE SUPPLY CHAIN) WITH THE PURPOSE OF REDUCING LOGISTICS COSTS TO ACCESS THE CHICAGO MARKET. THIS WILL ALLOW BOTH GARFIELD PRODUCE PRODUCTS AND A MORE EXTENSIVE LIST OF SMALLER LOCAL ORGANIC PRODUCERS TO BUILD COLLECTIVE CAPACITY TO GROW INTO LARGER, MORE PROFITABLE, URBAN CONSUMER MARKETS.   FINALLY, WE WILL CONDUCT A FEASIBILITY STUDY TO ASSESS THE COST AND BENEFIT OF EXPANSION INTO NEW MARKETS FOR ORGANIC PRODUCTS IN MILWAUKEE, ST. LOUIS AND INDIANAPOLIS.  THESE PROGRAMS WILL INCREASE LOCAL URBAN AGRICULTURE JOBS, EXPAND BUSINESS CAPACITY AND ALLOW ORGANIC PRODUCTS TO REACH LOCAL CONSUMERS THAT WOULD OTHERWISE NEVER HAVE ACCESS TO NOR UNDERSTAND THE BENEFIT OF ORGANIC PRODUCE.",2024,1749380.85,100,1267848.0,53,200
688,23OMDGMT0033,AMALTHEIA DAIRY LLC,AMALTHEIA DAIRY LLC,"AMALTHEIA ORGANIC DAIRY, LLC IS SEEKING FUNDING TO PROVIDE WHOLESOME ORGANIC PASTEURIZED GOAT MILK TO THE PUBLIC IN OUR HEALTH-CONSCIOUS COMMUNITY. AMALTHEIA IS A SUSTAINABLY FOCUSED, ORGANIC FAMILY FARM THAT HAS BEEN HANDCRAFTING ORGANIC GOAT CHEESES FOR OVER 20 YEARS. MEL AND SUE BROWN SET ABOUT THEIR GRADE A AMALTHEIA DAIRY OPERATION ON THANKSGIVING DAY 2000. THEY STARTED MILKING WITH 90 GOATS AND HAVE NOW GROWN THE OPERATION TO 265 GOATS. IN 2005, THE COMPANY WAS CERTIFIED ORGANIC WHICH ALIGNED WITH THE OWNERS VALUES AND THE NEEDS OF THE PUBLIC THEY SERVED. WHILE THEY CURRENTLY ONLY SELL CHEESES, THEY ARE ASKED MULTIPLE TIMES A WEEK IF THEY HAVE GOAT MILK AVAILABLE FOR SALE AND WOULD LIKE TO EXPAND THEIR OFFERINGS BY SELLING PASTEURIZED GOAT MILK TO CONSUMERS AND GROCERY STORES. WE PLAN TO SPEND OMDG FUNDING ON EQUIPMENT AND INSTALLATION COSTS FOR A GLYCOL CHILLER, A BOTTLER, A PLATE CHILLER, AND BOTTLES. THIS WILL ALLOW US TO SELL 2,500 GALLONS DURING OUR FIRST YEAR AND INCREASE THAT AMOUNT OVER COMING YEARS TO MEET DEMAND. THIS WILL INCREASE OUR ANNUAL INCOME BY A MINIMUM OF 32,500. AMALTHEIA HAS PREVIOUSLY WORKED WITH LOCAL AND NATIONAL GROCERY STORE CHAINS AND DISTRIBUTORS IN DENVER AND SEATTLE. WE ALREADY HAVE INTEREST IN SELLING OUR MILK FROM MULTIPLE GROCERY STORES. OFFERING ORGANIC MILK WILL HELP ADDRESS BOTH A LOCAL AND REGIONAL NEED IN THE ORGANIC MARKET.THE OBJECTIVES OF OUR PROJECT INCLUDE: 1) PURCHASE THE NECESSARY EQUIPMENT 2) INSTALL MILKING EQUIPMENT AND 3) SELL GOAT MILK. THE GOALS OF OUR PROJECT INCLUDE: 1) EXPAND LOCAL ACCESS TO ORGANIC GOAT MILK 2) EXPAND REGIONAL ACCESS TO ORGANIC GOAT MILK AND 3) INCREASE RESILIENCY OF AMALTHEIA ORGANIC DAIRY. THE PRIMARY BENEFICIARY OF THIS EQUIPMENT PURCHASE WILL BE AMALTHEIA ORGANIC DAIRY. HOWEVER, OUR OFFERING WILL AFFECT MANY LOCAL AND REGIONAL CONSUMERS THAT DO NOT CURRENTLY HAVE ACCESS TO ORGANIC GOAT MILK. WE PLAN TO START SELL OUR MILK TO GROCERY STORES AND WILL EXPLORE EXPANDING OUR MARKET REACH OUTSIDE OF THIS OVER THE COMING YEARS. WE ANTICIPATE SELLING MILK TO AT LEAST 3 GROCERY STORES IN OUR AREA WITHIN THE FIRST YEAR OF EQUIPMENT INSTALLATION. OUR MILK WILL HELP SUPPORT THEIR SALES. WE WILL NOT HAVE ANY SUBRECIPIENTS, COLLABORATORS, AND PARTNERS FOR THIS GRANT OUTSIDE OF AMALTHEIA ORGANIC DAIRY. HOWEVER, AS OUTLINED ABOVE, THERE WILL BE MULTIPLE BENEFICIARIES AS A RESULT OF THIS FUNDING OUTSIDE OF THE APPLICANT. THIS EQUIPMENT PURCHASE WILL HELP ADDRESS A CURRENT HOLE IN THE MARKET FOR ORGANIC GOAT MILK.",2024,79196.0,100,79196.0,100,200
653,23OMDGDE0073,AGOGE LIFE INC,Agoge Life Inc.,"AGOGE, A SUSTAINABLE ORGANIC PRODUCT FOCUSED COMPANY, HAS SPENT 2  YEARS AND SIGNIFICANT FUNDS RESEARCHING DEVELOPING A FOUNDATIONAL SET OF ORGANIC INGREDIENTS PRODUCTS TO SUPPORT IMPROVED HEALTH OUTCOMES. OUR INGREDIENTS PRODUCTS, CERTIFIED ORGANIC BY THE USDA (092921(SNL)USDA), ARE ISOLATED HEMPSEED PROTEINS (FDA GRAS GRN771). IN SHORT, AGOGE IS INTRODUCING THE USAS FIRST ORGANIC HEMP PROTEIN ISOLATE (ABBREVIATED: OHPI). THE AIM OF THIS PROJECT: TO OPEN THE OHPI MARKET AND DRIVE EXPANSION OF THE UPSTREAM (SUPPLY) AND DOWNSTREAM (DEMAND) SUPPLY CHAIN FOR THIS ORGANIC, SUSTAINABLE ROTATIONAL CROP THROUGH EDUCATION, MARKETING, AND CONSUMER BUYER OUTREACH. OBJECTIVES   ACTIVITIES:  OBJECTIVE 1.1: THE PROJECT WILL OPEN THE OHPI MARKET BY PROVIDING THE FOOD INGREDIENT SECTOR WITH THE USAS VERY FIRST ORGANIC HEMP PROTEIN ISOLATE PRODUCTS  A DEEPLY RESEARCHED FOUNDATIONAL INGREDIENT AND ITS FIRST 3 FORMULATED FINISHED GOODS. OBJECTIVE 2.1: THE PROJECT WILL TARGET AND EDUCATE 8,000 INDIVIDUAL CONSUMERS A MONTH THROUGH TRADITIONAL AND DIGITAL MARKETING CAMPAIGNS. OBJECTIVE 2.2: THE PROJECT WILL HOST QUARTERLY EDUCATION EVENTS TARGETING DIETITIANS, NUTRITIONISTS, DOCTORS, ETC., URGING THEM TO PRESCRIBE OHPI TO THEIR CLIENTS PATIENTS AS THE BEST AND HEALTHIEST OPTION FOR INDIVIDUALS TO REACH THEIR PROPER PROTEIN INTAKE (A LARGE MINORITY OF AMERICANS DO NOT GET ENOUGH PROTEIN IN THEIR DIET). OBJECTIVE 2.3: TABLING AT 11 MAJOR BRAND GROCERY STORES ACROSS THE WESTERN US. OBJECTIVE 3.1: HOST A 20X20 EXHIBITOR BOOTH AT 10 OF THE USAS BIGGEST INGREDIENT AND FOOD CONFERENCES. OBJECTIVE 3.2: HOLD OHPI INDUSTRY CONNECTOR EVENTS TWICE A YEAR FOR 2 YEARS ACROSS 4 DIFFERENT CITIES.OUTCOMES   GOALS:  GOAL 1: TO CREATE FOUND THE ORGANIC HEMP PROTEIN ISOLATE MARKET. GOAL 2: TO EXPAND THE OHPI MARKET DEMAND (PROMOTE TO CONSUMER) BY MAKING CONSUMERS AWARE OF ORGANIC HEMP PROTEIN ISOLATE AND ITS DEEP LIST OF BENEFITS AND CONNECTING THOSE CONSUMERS TO THE MARKETS ORGANIC FORMULATED FINISHED GOODS AND OFFERINGS. GOAL 3: TO EXPAND THE OHPI MARKET SUPPLY BY MAKING MANUFACTURERS FORMULATORS DISTRIBUTORS AWARE OF ORGANIC HEMP PROTEIN ISOLATE AS A FOUNDATIONAL INGREDIENT AND ASSIST THEM IN DEVELOPING THEIR OWN LINE OF GOODS AROUND THE INGREDIENT, ALLOWING FOR EXPANSION OF TOTAL MARKET OFFERINGS, AND ENCOURAGING ADOPTION AND COMPETITION.BENEFICIARIES:  FOR ORGANIC MANUFACTURERS, PRODUCERS, RETAILERS AND FARMERS: THE ORGANIC HEMP PROTEIN ISOLATE MARKET PROVIDES A TREMENDOUS AMOUNT OF OPPORTUNITY TO REFRESH AND UP-NUTRITION NEARLY ALL EXISTING FOOD CATEGORIES AND TO DEVELOP BRAND NEW CATEGORIES. FOR AMERICAN CONSUMERS: THEY WOULD NOW HAVE ACCESS TO ONE OF THE PLANETS MOST HOLISTICALLY HEALTHY NUTRITIOUS AND SUSTAINABLE SOURCES OF PROTEIN IN A PLATFORM THAT IS (FINALLY) ORGANIC AND ALLERGEN FREE.",2024,4108000.0,100,100000.0,82,200
678,23OMDGMI0038,ALMAR ORCHARDS LLC,Almar Orchards LLC,"ALMAR ORCHARDS IS A 4TH AND 5TH GENERATION FAMILY-OWNED ORGANIC APPLE ORCHARD IN MICHIGAN, WHERE ORGANIC MARKETS ARE LIMITED. A WASHING AND SORTING LINE, FUNDED BY THE OMDG, WOULD ENABLE ALMAR TO ACCESS A NEW COMMODITY MARKET THROUGH BABY AND KID FOOD COMPANY, ONCE UPON A FARM (OFARM). THIS PARTNERSHIP WOULD RESULT IN INCREASED DOMESTIC SOURCING BY COMPANIES LIKE OFARM AND SERVE AS AN AGGREGATOR FOR OTHER GROWERS IN THE REGION. WITH THE ABILITY TO CLEAN AND SORT APPLES FOR THE COMMODITY MARKET, ALMAR PROJECTS ITS SALES VOLUMES OF ORGANIC APPLES COULD INCREASE 3X OVER THE NEXT 5 YEARS. THIS INCREASE IS DRIVEN BY OTHER APPLE GROWERS IN THE REGION, WHO WOULD ALSO BE BENEFICIARIES OF THE GRANT. NEARBY GROWERS WOULD BE ABLE TO AGGREGATE THEIR CROP THROUGH THIS WASH LINE, THEREBY GAINING ACCESS TO NEW COMMODITY MARKETS. THE INCREASED CAPACITY PROVIDED BY THE WASH LINE WOULD ALSO ENABLE ALMAR TO EXPAND ORGANIC APPLE PRODUCTION ONTO 100 ADDITIONAL ACRES THAT ARE CURRENTLY EITHER FALLOW OR BEING LEASED BY ANNUAL CROP GROWERS. THIS DEVELOPMENT WOULD RESULT IN FUTURE INCREASED PRODUCTION BEYOND THE 5 YEAR PROJECTIONS. ALMAR HAS ALL NECESSARY BUILDINGS AND COLD STORAGE INFRASTRUCTURE IN PLACE THROUGH THEIR SISTER COMPANY JK S SCRUMPY WHICH IS OWNED BY THE FAMILY AND LOCATED ON SITE. JK S SCRUMPY IS A CERTIFIED ORGANIC HANDLER THAT WOULD MANAGE AGGREGATION FROM OTHER FARMS. ONCE UPON A FARM IS A BABY AND KIDS FOOD COMPANY THAT SOURCES ORGANIC APPLES AS A BASE INGREDIENT. THE COMPANY IS EXPERIENCING RAPID GROWTH, AND THE CURRENT SUPPLY OF ORGANIC APPLES FROM WASHINGTON STATE AND OTHER DOMESTIC SOURCES IS INSUFFICIENT. OFARM WILL NEED TO SOURCE OUTSIDE OF THE US IF DOMESTIC PRODUCTION DOESNT EXPAND. THIS PARTNERSHIP WILL NOT ONLY BRING MORE STABILITY AND DIVERSITY TO OFARMS DOMESTIC APPLE SUPPLY CHAIN, BUT ALSO CREATE A NEEDED MARKET OPPORTUNITY FOR ALMAR ORCHARDS AND POTENTIALLY OTHER PRODUCERS IN THE REGION. ADDITIONALLY, IT WILL RESULT IN SIGNIFICANT TRANSPORTATION EFFICIENCIES, SAVING MORE THAN 1,000 MILES PER TRUCK LOAD TO OFARMS MANUFACTURING FACILITY. GIVEN THAT MICHIGAN IS THE THIRD LARGEST APPLE PRODUCER IN THE COUNTRY, THERE IS SIGNIFICANT OPPORTUNITY TO EXPAND ORGANIC PRODUCTION IN THE STATE IF ACCESS TO A VIABLE MARKET IS PRESENT.",2024,99582.0,100,99582.0,100,200
4531,AM22PRSMD1219,ANCHOR NURSERY,"Anchor Ingredients Co., LLC","THIS GRANT SUPPORTS THE COSTS INCURRED TO IMPLEMENT MEASURES TO RESPOND TO THE NOVEL CORONAVIRUS 2019 (COVID-19), WHICH MAY INCLUDE WORKPLACE SAFETY, MARKET PIVOTS, RETROFITTING FACILITIES, TRANSPORTATION, WORKER HOUSING, AND MEDICAL EXPENSES. IT PROVIDES NEEDED RELIEF TO THE FOOD PROCESSORS, DISTRIBUTORS, FARMERS MARKETS, AND PRODUCERS FOR THEIR COSTS INCURRED BETWEEN JANUARY 27, 2020, THE DATE UPON WHICH THE PUBLIC HEALTH EMERGENCY WAS DECLARED BY THE U.S. DEPARTMENT OF HEALTH AND HUMAN SERVICE (HHS) UNDER SECTION 319 OF THE PUBLIC HEALTH SERVICE ACT, AND DECEMBER 31, 2021. BENEFICIARIES INCLUDE THE EMPLOYEES OF THE FOOD PROCESSORS, DISTRIBUTORS, FARMERS MARKETS, AND PRODUCERS.",2022,8707.0,86,2054000.0,86,172
661,23OMDGIA0078,ANDREW MILLER,Andrew Miller,"THE GOAL OF THIS PROPOSAL IS TO SECURE ON-FARM PROCESSING EQUIPMENT IN ORDER TO BRING LOCALLY PRODUCED NUTRITIOUS ORGANIC ROLLED OATS TO THE CONSUMER MARKETS IN IOWA AND NEBRASKA WHILE PRESERVING THE PRODUCT IDENTITY (NAME AND LIKENESS OF THE FARM ATTACHED). FOR THE PAST 2 YEARS, A MILLER FARMS AND SUPPLY CHAIN PARTNERS HAVE SEARCHED LOCALLY FOR IDENTITY PRESERVED ORGANIC ROLLED OATS. THIS SEARCH HAS YIELDED NO RESULTS AND IMPLIES A LARGE MARKET HOLE. WITH THIS GRANT I CAN COMPLETE THE INITIAL PRE-PROCESSING STEPS OF HULLING RAW OATS AND SEPARATING THEM WITH A GRAVITY TABLE TO DISTINGUISH THE BEST QUALITY FOR FOOD GRADE SPECIFICATIONS ON-SITE.  I CAN THEN FINISH PROCESSING THESE OAT GROATS AT GRAIN PLACE FOODS IN MARQUETTE, NE AND BRING THE FINAL PRODUCT BACK TO A. MILLER FARMS TO DISTRIBUTE AND MARKET THEM AS ORGANIC IDENTITY PRESERVED ROLLED OATS.  I HAVE A LOCAL DISTRIBUTION PARTNER (REFERENCED IN THE NARRATIVE) THAT ALREADY HAS DEMAND FOR THESE IDENTITY PRESERVED OATS AND OTHER MARKETS FOR FURTHER EXPLORATION WILL BE IOWA SCHOOLS AND HOSPITAL SYSTEMS (SEE REFERENCES IN OBJECTIVE NARRATIVE).  I HAVE ALSO IDENTIFIED NATIONAL RETAILERS SEEKING IDENTITY PRESERVED ASPECTS THAT CUSTOMERS DESIRE.  CURRENT PROCESSING OF RAW OATS INTO A FINISHED PRODUCT AT SMALL SCALE IS NOT ECONOMICALLY VIABLE DUE TO TRANSPORTATION COSTS TO A DEHULLER FACILITY AND THEN TO GRAIN PLACE FOODS.  OTHER CONSOLIDATED COMMERCIAL SOURCES THAT I HAVE IDENTIFIED ARE NOT ABLE TO PROCESS OATS AS IDENTITY PRESERVED AND DO NOT INTEND TO.",2024,100000.0,100,100000.0,100,200
4717,AM22PRSME3666,"AURORA MILLS AND FARMS, LLC",Aurora Mills & Farm LLC,"THIS GRANT SUPPORTS THE COSTS INCURRED TO IMPLEMENT MEASURES TO RESPOND TO THE NOVEL CORONAVIRUS 2019 (COVID-19), WHICH MAY INCLUDE WORKPLACE SAFETY, MARKET PIVOTS, RETROFITTING FACILITIES, TRANSPORTATION, WORKER HOUSING, AND MEDICAL EXPENSES. IT PROVIDES NEEDED RELIEF TO THE FOOD PROCESSORS, DISTRIBUTORS, FARMERS MARKETS, AND PRODUCERS FOR THEIR COSTS INCURRED BETWEEN JANUARY 27, 2020, THE DATE UPON WHICH THE PUBLIC HEALTH EMERGENCY WAS DECLARED BY THE U.S. DEPARTMENT OF HEALTH AND HUMAN SERVICE (HHS) UNDER SECTION 319 OF THE PUBLIC HEALTH SERVICE ACT, AND DECEMBER 31, 2021. BENEFICIARIES INCLUDE THE EMPLOYEES OF THE FOOD PROCESSORS, DISTRIBUTORS, FARMERS MARKETS, AND PRODUCERS.",2022,12750.0,88,1166250.0,75,163
675,23OMDGME0059,BALFOUR FARM LLC,BALFOUR FARM LLC,"PROJECT PURPOSE: THIS PROJECTS INTENDED GOAL IS TO EXPAND ON-FARM PROCESSING CAPACITY TO INCREASE CONSUMPTION OF ORGANIC CHEESES.ACTIVITIES TO BE PERFORMED: TO ADDRESS THE LACK OF AVAILABILITY OF ORGANIC MILK FOR PURCHASE, BALFOUR FARM IS EXPANDING ON-FARM MILK PRODUCTION TO INCREASE IN THE FARMS ON-SITE PROCESSING. PROPOSED EQUIPMENT PURCHASES WILL REPLACE EXISTING EQUIPMENT WITH LARGER CAPACITY CHEESEMAKING EQUIPMENT TO ACCOMMODATE THE PLANNED 175 INCREASE IN MILK PRODUCTION.DELIVERABLES:PURCHASE EQUIPMENT:285-GALLON MILK COOLING TANK. CHEESE VAT HEATING SYSTEM UPGRADE TO HIGH EFFICIENCY PROPANE REPLACE HAND OPERATED CURD MILL WITH AUTOMATED CURD CUTTER.REPLACE MECHANICAL PRESS WITH MODULAR HORIZONTAL PNEUMATIC PRESSEXPECTED OUTCOMES:THE FARM WILL INCREASE THE CAPACITY FOR MILK PRODUCTION FROM 12 COWS TO 20 COWS BY THE END OF 2025. A 285 GALLON COOLING TANK WILL BE SUFFICIENT TO HOLD MILK FOR PROCESSING, INCREASING CAPACITY FROM 90 GALLONS TO 285 GALLONS.THE FARM WILL REPLACE THE CURRENT OIL-FIRED SYSTEM WHICH IS APPROXIMATELY 25 YEARS OLD WITH HIGH EFFICIENCY PROPANE SYSTEM. THIS INCREASES THE VOLUME OF MILK PROCESSED AND REDUCES THE TIME REQUIRED PER BATCH. A CLEANER BURNING EFFICIENT SYSTEM WILL MODERNIZE PROCESS CONTROLS AND BE MORE A SUSTAINABLE ENERGY SOURCE.THE AUTOMATIC CURD MILL WILL SOLVE TWO PROBLEMS: WORKFLOW AND EMPLOYEE FATIGUE. AS MORE MILK IS PROCESSED, LARGER BATCHES OF CHEESE WILL TAKE LONGER TO MILL THE CURDS. THE EBR CURD MILL WILL REDUCE CURD CUTTING TIME. THIS WILL ALSO REDUCE WORKER FATIGUE- THE CURRENT HAND OPERATED MILL PLACES SIGNIFICANT STRESS ON THE SHOULDER AND ARM JOINTS WHILE USING IT.REPLACE MECHANICAL CHEESE PRESS WITH HIGHER CAPACITY PNEUMATIC MODEL. THIS WILL INCREASE VOLUME AND PROVIDE FOR CONSISTENT PROCESS CONTROL, HAVING A POSITIVE EFFECT ON PRODUCT APPEARANCE, FLAVOR, AND TEXTURE.THE FARMS INCREASED ORGANIC MILK PROCESSING WILL RESULT IN ANNUAL CHEESE PRODUCTION INCREASE OF 7,745 LBS. ANNUALLY.INTENDED BENEFICIARY:BALFOUR FARM IS A FARM PRODUCER OF ORGANIC MILK AND A PROCESSOR OF ORGANIC MILK INTO CERTIFIED ORGANIC CHEESES",2024,99511.0,100,99511.0,100,200
715,23OMDGSD0058,BERRYBROOK ORGANICS LLC,Berrybrook Organics LLC,"BERRYBROOK ORGANICS LLC (BERRYBROOK) IS A CERTIFIED ORGANIC FARM AND VALUE-ADDED PROCESSING COMPANY NEAR MARION, SD. BERRYBROOK IS OWNED AND OPERATED BY WILL AND SHERILYN ORTMAN WITH ASSISTANCE FROM THEIR THREE SONS, AGES 17, 15 AND 13. THROUGHOUT THEIR 24 YEARS PRODUCING AND MARKETING ORGANIC VALUE-ADDED GRAINS, MEATS, AND EGGS, THE ORTMANS REPUTATION FOR PRODUCT QUALITY AND CONSISTENCY HAS EARNED THEM A LOYAL CUSTOMER BASE, EXTENSIVE MARKETING EXPERIENCE, AND VALUABLE RELATIONSHIPS TO WHOLESALE CLIENTS.BERRYBROOK CURRENTLY SUPPLIES GRADE A ORGANIC EGGS TO TWO LOCAL GROCERY STORES AND NINE SIOUX FALLS WHOLESALE AND RETAIL CUSTOMERS. LAST YEAR, ABOUT 95 OF TOTAL EGGS PRODUCED WERE SOLD TO THESE OUTLETS. THE SIOUX FALLS METRO AREA IS PROJECTED TO GROW BY 53.5 FROM 2022 TO 2060. THIS GROWTH WILL MAKE SIOUX FALLS ONE OF THE FASTEST-GROWING CITIES IN THE UNITED STATES. ACCORDING TO A 2022 REPORT BY THE ORGANIC TRADE ASSOCIATION, ORGANIC FOOD SALES IN THE UNITED STATES REACHED 63.1 BILLION IN 2021, AN INCREASE OF 13.5 FROM THE PREVIOUS YEAR. ORGANIC EGGS WERE ONE OF THE FASTEST-GROWING CATEGORIES, WITH SALES INCREASING BY 17.3 IN 2021.THE EQUIPMENT REQUESTED ADDRESSES TWO NEEDS SUPPLY CHAIN MANAGEMENT IMPROVEMENT THROUGH THE PURCHASE OF A DELIVERY VEHICLE AND PROCESSING EFFICIENCY THROUGH THE PURCHASE OF AN EGG GRADER MACHINE FOR ORGANIC EGG PROCESSING.IN ADDRESSING THESE TWO AREAS OF NEED, BERRYBROOK S GOALS ARE TO SOLIDIFY THE EFFICACY OF THE SUPPLY CHAIN IN PROVIDING SAFE AND RELIABLE GOODS TO MARKETS, INCREASE ACCESS TO MARKETS FOR BERRYBROOK S ORGANIC PRODUCTS, AND INCREASE ORGANIC EGG PROCESSING EFFICIENCY.BERRYBROOK IS AT 100 CAPACITY WITH THEIR CURRENT DELIVERY LOGISTICS. BY OPENING ADDITIONAL DELIVERY CAPACITY, IT REMOVES THE CURRENT LIMIT ON POTENTIAL SALES PER TRIP. DESPITE REGULAR INQUIRIES FROM POTENTIAL CUSTOMERS, BERRYBROOK HAS NOT ACCEPTED ANY NEW ACCOUNTS SINCE 2018. WITH A TRANSPORT VEHICLE, BERRYBROOK WOULD BE ABLE TO SUPPLY MORE ORGANIC PRODUCTS TO REGIONAL MARKETS.BERRYBROOK CURRENTLY USES A PERSONAL VEHICLE FOR TRANSPORT CAPABLE OF HAULING 400 DOZEN EGGS OR AROUND 700 LBS. THE PROPOSED DELIVERY VEHICLES MAXIMUM CAPACITY IS 3800 LBS, A 440 INCREASE. BY INCREASING CAPACITY AND ALLEVIATING THE USE OF A PERSONAL VEHICLE FOR PRODUCT TRANSPORT, THIS EQUIPMENT WOULD HAVE A MAJOR IMPACT ON TRAVEL EMISSIONS, AVAILABILITY OF TRANSPORT, AND MILE RADIUS THAT BERRYBROOK CAN BRING THEIR ORGANIC GOODS TO MARKET.THE REQUESTED EGG GRADER WILL RESULT IN AN INCREASE OF 25 IN PROCESSING EFFICIENCY DUE TO TIME SAVED. THE EGG GRADER WOULD AUTOMATE THE PROCESS OF GRADING EGG SIZE, RESULTING IN A SIGNIFICANT INCREASE IN PROCESSING EFFICIENCY. CURRENTLY, EGGS ARE NOT INDIVIDUALLY GRADED, DUE TO THE TIME AND LABOR REQUIRED TO MANUALLY WEIGH EACH EGG. THE PROPOSED EGG GRADER WOULD ELIMINATE THE NEED FOR MANUAL GRADING, ALLOWING EGGS TO BE GRADED QUICKLY AND ACCURATELY.THE FARMS CURRENT ORGANIC CERTIFICATION WOULD ALLOW NEARLY DOUBLE THE CURRENT LAYING HEN FLOCK WITHIN THE EXISTING FARM FACILITIES. SO, THE INCREASED PROCESSING EFFICIENCY WOULD ALLOW BERRYBROOK THE OPTION TO THEREBY INCREASE THEIR SALES, AND THE VOLUME OF ORGANIC PRODUCTS THEY CAN BRING TO MARKET.THE SOLE BENEFICIARY OF THE EQUIPMENT IS BERRYBROOK ORGANICS. THE EQUIPMENT STRENGTHENS BERRYBROOKS CAPACITY BY SOLIDIFYING THE EFFICACY OF THE SUPPLY CHAIN IN TRANSPORTING GOODS TO MARKET. THIS WOULD OPEN NEW MARKETS FOR THEIR ORGANIC GOODS, ENSURE SAFETY AND QUALITY OF THE PRODUCT, AND OPEN AN AVENUE FOR GROWTH OF THE OPERATION. THIS EQUIPMENT WOULD BE TRANSFORMATIVE IN HOW BERRYBROOK CRAFTS THEIR ENTIRE OPERATIONAL CAPACITY AND STRATEGY.",2024,96214.0,100,96214.0,100,200
733,23OMDGWI0051,BICKFORD FARMS INC,Bickford Farms Inc. dba Meadowlark Organics,"THE PROJECTS PURPOSE IS TO EXPAND PROCESSING CAPACITY AND ESTABLISH MARKET PATHWAYS FOR DOMESTIC ORGANIC GRAIN GROWERS IN THE UPPER MIDWEST. BICKFORD FARMS INC. DBA MEADOWLARK ORGANICS, HAS BECOME AN INTEGRAL PART OF THE REGIONAL GRAIN ECONOMY IN THE DRIFTLESS REGION OF WISCONSIN AND MINNESOTA. SINCE 2015 OWNERS JOHN AND HALEE WEPKING HAVE SUCCESSFULLY CULTIVATED CERTIFIED ORGANIC, FOOD-GRADE GRAINS, AND ESTABLISHED A WHOLESALE AND DIRECT MARKETED FLOUR AND GRAIN BUSINESS. WHEN JOHN AND HALEE BEGAN FARMING AT BICKFORD FARMS INC. THEY SAW AN OPPORTUNITY TO GROW ORGANIC CULINARY GRAINS ON A SCALE THAT COULD SUPPLY AN EXISTING LOCAL STONE MILL. HOWEVER, THE INFRASTRUCTURE OF GRAIN STORAGE AND CLEANING IN THE REGION WAS CRITICALLY LACKING. IN 2017, BICKFORD FARMS INC. WAS AWARDED A USDA VALUE ADDED PRODUCERS GRANT, WHICH BUILT OUT THEIR BRAND MEADOWLARK ORGANICS (MLO), AND INITIATED THEIR WHOLESALE AND DIRECT TO CONSUMER BUSINESSES. IN 2020, MLO PURCHASED MILLING EQUIPMENT FROM LONESOME STONE MILLING IN LONE ROCK, WI AND LAUNCHED THEIR ON-FARM FLOUR MILL, MEADOWLARK COMMUNITY MILL (MCM). THIS VERTICAL INTEGRATION ENABLES GROWING, STORAGE, CLEANING, MILLING, PACKAGING, AND DISTRIBUTION FROM A SINGLE LOCATION. MLOS MISSION IS TO CUSTOM CLEAN AND STORE GRAIN FOR NEIGHBORING FARMERS WHO ARE CONSERVATION-MINDED ORGANIC GROWERS. WITH OMDG FUNDING, MLO WILL UPGRADE THE ON-FARM GRANARY, INCORPORATING NECESSARY EQUIPMENT FOR CUSTOM CLEANING AND EASE OF HANDLING. THE FOLLOWING EQUIPMENT WILL BE PURCHASED FROM COMMODITY TRADERS INTERNATIONAL AND BE INSTALLED IN OUR GRANARY: 1) A USED OLIVER 160 GRAVITY TABLE WHICH SEPARATES GRAIN BASED ON DENSITY, IMPROVING THE TEST-WEIGHT AND PURITY OF CROPS TO MEET THE SPECIFICATIONS NEEDED TO SELL TO GRAIN BUYERS AND PROCESSORS AND 2) A NEW UNIVERSAL MODEL C3 BUCKET ELEVATOR TO GENTLY MOVE GRAIN BETWEEN PIECES OF EQUIPMENT AND 3) A NEW PIKASEN FMS 2000 OPTICAL SORTER WHICH WILL INCREASE THE PURITY OF PRODUCTS SUCH AS DRY EDIBLE BEANS, POPCORN, AND OATS, REMOVING OFF-COLORED AND UNDESIRABLE PARTICLES. THIS IS A CRITICAL STEP IN SORTING LOTS WHICH CONTAIN MULTIPLE CROPS, SUCH AS POPCORN AND DRY BEANS THAT WERE POLY-CROPPED AND HARVESTED AT THE SAME TIME. THIS IS A PRACTICE WE HAVE SUCCESSFULLY EXECUTED ON OUR FARM, AND CURRENTLY RELY ON OUR FANNING MILL TO SEPARATE THE POPCORN AND BEANS BASED ON SIZE. HOWEVER, THE OPTICAL SORTER WILL ALLOW US TO SORT MORE PRECISELY, AND GROW AND CLEAN A WIDER VARIETY OF CULTIVARS, WHICH ARE PREFERRED IN THE FOOD-GRADE MARKETPLACE. WITH OMDG FUNDING, MLO WILL ENHANCE THEIR GRAIN CLEANING INFRASTRUCTURE TO FACILITATE MARKET PATHWAYS FOR ORGANIC ALTERNATIVE CULINARY GRAIN CROPS, SUCH AS WHEAT, CORN, OATS, RYE, SPELT, BUCKWHEAT AND DRY BEANS. OFTEN, THESE CROPS ARE NOT VALUED IN THE COMMODITY CROP MARKET, MAKING IT DIFFICULT FOR FARMERS TO FIND MARKETS FOR THESE VARIETIES. MLO WILL ACT AS A BRIDGE BETWEEN FARMERS GROWING SPECIALTY VARIETIES AND THE MARKET THROUGH TARGETED STORYTELLING, HIGHLIGHTING THE SOIL HEALTH BENEFITS OF INCLUDING ALTERNATIVE GRAIN CROPS IN ROTATION. FARMERS, WHOLESALERS AND CONSUMERS ALL BENEFIT FROM THIS EXPANDED ACCESS, STRENGTHENING THE REGIONS AGRICULTURAL AND ECONOMIC WELL-BEING, AS MORE DIVERSE CROP ROTATIONS ARE EMPLOYED AND CHANNELED TO MARKET.KEY PARTNERS INCLUDE DRIFTLESS REGION FARMERS: KEITH SPELTZ FARM, KOETHER FAMILY FARM, WILSON ORGANIC FARM, DOLAN FAMILY FARM, OTTER CREEK FARM, SEVEN SEEDS FARM, AND OTHERS IN SOUTHERN WISCONSIN AND EASTERN MINNESOTA. WITH INCREASED CAPACITY, THE INTENTION IS TO SERVE AN ADDITIONAL 10 ORGANIC FARMS WITHIN OUR REGION. MCM, THE MAIN PURCHASER OF FOOD GRADE GRAINS FROM MLO, WILL BENEFIT SUBSTANTIALLY, MILLING THE INCREASED GRAIN FLOW, AND CHANNELING IT INTO THE FOODSHED THROUGH BAKERIES, GROCERY STORES, RESTAURANTS AND RETAIL LOCATIONS. AS MLOS CAPACITY GROWS, MCM CAN CONTINUE TO GROW WHOLESALE ACCOUNTS WHICH WILL INCREASE COMMUNITY ACCESS TO REGIONALLY GROWN ORGANIC GRAIN.",2024,97165.0,90,97165.0,100,190
689,23OMDGMT0063,"BIG SANDY ORGANICS, LLC","Big Sandy Organics, LLC","BIG SANDY ORGANICS, LLC (BSO), A WOMAN-OWNED AND OPERATED ORGANIC FOOD HANDLER, IS POISED TO SPEARHEAD TRANSFORMATIVE CHANGES IN THE ORGANIC MARKET. SITUATED IN BIG SANDY, MT, WITHIN THE USDA-DESIGNATED RURAL DISADVANTAGED AREA OF CHOUTEAU COUNTY, BSO IS SEEKING GRANT FUNDS FOR A CRITICAL INITIATIVE: PROCESSING CAPACITY EXPANSION. THIS COMPREHENSIVE ENDEAVOR ENTAILS UPGRADING PROCESSING CAPABILITIES, INCLUDING INFRASTRUCTURAL MODIFICATIONS AND EQUIPMENT ACQUISITION, TO AMPLIFY BSO S ORGANIC PROCESSING LINE. THE RESULTING EXPANSION WILL NOT ONLY ADDRESS CURRENT CONSTRAINTS BUT ALSO UNLOCK NEW AVENUES FOR GROWTH.OBJECTIVE 1: REDUCE PROCESSING COST WITH INCREASED EFFICIENCY AND PROCESSING CAPACITY, WHILE IMPROVING WORKER SAFETY, QUALITY CONTROL AND FOOD SAFETY MEASURES.BSO S AMBITION IS TO ELEVATE PROCESSING CAPACITY TO NEW HEIGHTS. THIS OBJECTIVE ENCOMPASSES A MULTIFACETED STRATEGY INVOLVING THE RECONFIGURATION OF INTERIOR SPACES AND THE INTRODUCTION OF CUTTING-EDGE EQUIPMENT. BY EXPANDING CAPACITY FROM 150LBS TO AN IMPRESSIVE 1000LBS PER HOUR AND EMBRACING FULL AUTOMATION, BSO AIMS TO ACHIEVE EXCEPTIONAL PRODUCT QUALITY, ALLEVIATE LABOR-INTENSIVE PROCESSES, AND ENHANCE COST-EFFECTIVENESS.SIGNIFICANCE AND ENHANCED MARKET OPPORTUNITIES:THIS OBJECTIVE STANDS AS A CORNERSTONE OF BSO S GROWTH TRAJECTORY. ADDRESSING LIMITATIONS IN PROCESSING CAPACITY, PRODUCT QUALITY, AND OPERATIONAL COSTS BOLSTERS BSO S REPUTATION AS A DEPENDABLE AND COMPETITIVE PLAYER IN THE ORGANIC MARKET. REDUCED PRODUCTION COSTS EMPOWER BSO TO OFFER ORGANIC PRODUCTS AT ACCESSIBLE PRICES, BROADENING CONSUMER ACCESS AND DRIVING MARKET PENETRATION. WITH HEIGHTENED EFFICIENCY AND EXPANDED PROCESSING CAPABILITIES, BSO IS POISED TO CAPTURE A LARGER MARKET SHARE, CEMENTING ITS STATUS AS AN ORGANIC INDUSTRY INNOVATOR.OBJECTIVE 2: INCREASE MARKET OPPORTUNITIES FOR BOTH LOCAL AND NATIONAL ORGANIC PRODUCERS AND HANDLERS IN DOMESTIC AND INTERNATIONAL MARKETS.RECOGNIZING THE SYMBIOTIC RELATIONSHIP BETWEEN COLLABORATION AND INNOVATION, BSO IS COMMITTED TO FOSTERING AN ECOSYSTEM OF CREATIVITY AND MUTUAL SUPPORT. COLLABORATIVE PRODUCT DEVELOPMENT IS CENTRAL, ENTAILING CLOSE PARTNERSHIPS WITH PRODUCERS AND HANDLERS TO DIVERSIFY THE PRODUCT RANGE AND CATER TO EVOLVING CONSUMER PREFERENCES. SIMULTANEOUSLY, BSO S FOCUS ON ACCESSIBLE CONTINUOUS PROCESSING SYSTEMS EMPOWERS NEW ENTRANTS, FUELING ORGANIC MARKET EXPANSION AND DRIVING INNOVATION.SIGNIFICANCE AND ENHANCED MARKET OPPORTUNITIES:BSO S COMMITMENT TO COLLABORATION ENHANCES ITS POSITION AS A HUB OF DIVERSITY AND INGENUITY. BY ENGAGING WITH PRODUCERS AND HANDLERS, BSO BROADENS ITS PRODUCT PORTFOLIO TO CATER TO DIVERSE CONSUMER SEGMENTS. EMPOWERING NEW ENTRANTS BREATHES NEW LIFE INTO THE ORGANIC MARKET, ATTRACTING FRESH PERSPECTIVES AND INVIGORATING INDUSTRY INNOVATION. THESE STRATEGIC ENDEAVORS AMPLIFY BSO S MARKET APPEAL, REINFORCING ITS ROLE AS A TRAILBLAZER IN ADVANCING THE ORGANIC MOVEMENT.BROADER IMPACT AND FUTURE POSSIBILITIES:THE NARRATIVE OF BSO IS A STORY OF PERSEVERANCE AND ASPIRATION, IGNITED BY BOB QUINN AND PROPELLED BY THE DILWORTH FAMILY. BSO S JOURNEY FROM INCEPTION TO NATIONAL RECOGNITION MIRRORS ITS COMMITMENT TO EXCELLENCE. THROUGH RESILIENCE AND STRATEGIC GROWTH, BSO IS POISED TO LEVERAGE GRANT FUNDS TO OVERCOME CHALLENGES, SEIZE OPPORTUNITIES, AND RESHAPE THE ORGANIC MARKET. BY EXPANDING PROCESSING CAPACITY AND FOSTERING COLLABORATION, BSO ENVISIONS A FUTURE WHERE IT STANDS AS A BEACON OF INNOVATION, CHAMPIONING ORGANIC EXCELLENCE, AND NOURISHING A SUSTAINABLE FUTURE.AS BIG SANDY ORGANICS CONTINUES TO EVOLVE THROUGH ITS KRACKLIN KAMUT BRAND AND FUTURE PRODUCTS, IT REMAINS DEDICATED TO REDEFINING THE ORGANIC LANDSCAPE, ENRICHING LIVES, AND EMBODYING THE ESSENCE OF ORGANIC LIVING.",2024,4000000.0,100,3000000.0,89,200
700,23OMDGNY0022,BREADTREE FARMS LLC,Breadtree Farms LLC,"PROJECT PURPOSE: EXPANDING THE MARKET FOR ORGANIC CHESTNUTS IN THE NORTHEAST U.S. WILL INCREASE ORGANIC CHESTNUT CONSUMPTION BY UNLOCKING KEY GAPS   BOTTLENECKS THAT CURRENTLY CONSTRAIN THE GROWTH OF THE NORTHEAST ORGANIC CHESTNUT INDUSTRY. ACTIVITIES TO INCLUDE: - CONDUCT FEASIBILITY   TECHNICAL DEVELOPMENT STUDY OF BEST-IN-CLASS, GLOBAL ORGANIC CHESTNUT PROCESSING FACILITIES- COMPLETE KEY IMPROVEMENTS TO A BREADTREE-OWNED, ON-FARM FACILITY IN SALEM, NY, TO DELIVER PROCESSING CAPACITY FOR ORGANIC CHESTNUTS   CHESTNUT FLOUR AS A CURRENTLY-UNAVAILABLE ORGANIC INGREDIENT AT AN INDUSTRY-LEADING SCALE  TO INCLUDE THE DESIGN, PROCUREMENT,   INSTALLATION OF SPECIALIZED PROCESSING, HANDLING, STORAGE,   DISTRIBUTION EQUIPMENT- IN PARTNERSHIP WITH BLUE HILL   STONE BARNS: DEVELOP NEW RECIPES   PRODUCT FORMULATIONS FOR CHESTNUTS   CHESTNUT FLOUR  ENGAGE AT LEAST 75 CHEFS, RESTAURANTS,   CULINARY PUBLICATIONS ANNUALLY TO PUBLISH CULINARY RESOURCES   INCREASE CULTURAL AWARENESS DEMAND- CONDUCT OUTREACH AT BUYER-ENGAGEMENT EVENTS, REGIONAL LOCAL FOOD EVENTS FESTIVALS MARKETS,   PRODUCT DEMONSTRATION DAYS TARGETED AT HANDLERS, ORGANIC CPGS, FOOD ADVOCACY   MARKETING PROFESSIONALS-INCREASE REGIONAL PRODUCER COORDINATION   BEST PRACTICES THROUGH TECHNICAL WORKSHOPS, FARM CONSULTATION VISITS,   WEBINARS, FOCUSED ON BEST PRACTICES FOR PRODUCT CONSISTENCY, MARKETING,   POST-HARVEST PROCESSING COORDINATIONDELIVERABLES   EXPECTED OUTCOMES:IMPROVE PROCESSING   STORAGE CAPACITY:- 2.25M LB INCREASE IN PROCESSING   STORAGE CAPACITY TO SUPPORT INCREASED PRODUCTION   CONSUMPTIONDEVELOP MARKET ACCESS:- SUPPORT 60 GROWERS TO INCREASE PRODUCTION POTENTIAL 2.25M LBS YEAR IN THE NORTHEAST U.S. TO MEET INCREASED DEMAND WHILE UNLOCKING ORGANIC CHESTNUT FLOUR AS A HIGH-VALUE NATURALLY GLUTEN-FREE ORGANIC INGREDIENT- IN PARTNERSHIP WITH SAVANNA INSTITUTE: DISSEMINATE FEASIBILITY, EQUIPMENT SPECS, DOCUMENTATION,   BUSINESS-CASE ANALYSIS FOR PROCESSING FACILITY TO SUPPORT COMPARABLE FACILITIES IN OTHER REGIONSINCREASE PRODUCTION, DEMAND   CONSUMPTION:- SUPPORT 60 GROWERS WHO WILL ADOPT BEST PRACTICES, MANY OF WHOM WILL TRANSITION OR ESTABLISH NEW ORGANIC PRODUCTION AS A RESULT OF PROJECT ACTIVITIES- ENGAGE 490 PRODUCERS, 735 BUYERS,   OVER 100,000 ESTIMATED CONSUMERS TO INCREASE DEMAND FOR ORGANIC CHESTNUTS- STRENGTHEN   ESTABLISH NEW RELATIONSHIPS WITH DISTRIBUTORS   BUYERS, AN ESTIMATED 50 OF WHOM WILL BE UNDERSERVEDINTENDED BENEFICIARIES: THIS PROJECT BUILDS ON 10 YEARS OF REGIONAL PRODUCER ENGAGEMENT TO UNDERSTAND NEEDS, RESOURCE GAPS,   OPPORTUNITIES TO INCREASE PRODUCER LIVELIHOODS   CONSUMER DEMAND. - EXISTING   INTERESTED NORTHEAST PRODUCERS WHO ARE SEEKING TO DIVERSIFY   STRENGTHEN THEIR OPERATIONS THROUGH ORGANIC CHESTNUT PRODUCTION.- REGIONAL   NATIONAL SUPPLY-CHAIN STAKEHOLDERS, INCLUDING SUPPLY-SIDE STAKEHOLDERS (PLANNERS, TECHNICAL SERVICE PROVIDERS, NURSERIES)   BUY-SIDE STAKEHOLDERS (PROCESSORS, DISTRIBUTORS,   FOOD COMPANIES) INTERESTED IN INCORPORATING ORGANIC CHESTNUTS   CHESTNUT-FLOUR INTO THEIR PRODUCTS- NATIONAL CHESTNUT GROWERS, GROWER COOPERATIVES, REGIONAL PROCESSING EFFORTS,   FOOD-SYSTEM ORGANIZATIONS WHO ARE EAGER TO UTILIZE THIS PROJECTS RESEARCH   TECHNICAL DEVELOPMENT PLANS (RE: PROCESSING MILLING INFRASTRUCTURE) TO DEVELOP   EXPAND ORGANIC MARKETS IN THEIR OWN GEOGRAPHIES- REGIONAL   NATIONAL CONSUMERS SEEKING CULTURALLY-APPROPRIATE, ORGANIC, LOCAL, SUSTAINABLE,   CLIMATE-RESILIENT FOODKEY PARTNERS: THIS PROJECT IS STRENGTHENED BY A GROUNDSWELL OF PRODUCER SUPPORT, AND A COALITION OF FARMING AND FOOD-SYSTEMS LEADERS WHO WILL SUPPORT PUBLICATION, NETWORKED DISSEMINATION, CULINARY AND CPG PRODUCT DEVELOPMENT, FARMER-TO-FARMER TECHNICAL SERVICES   EDUCATION. KEY PARTNERS INCLUDE: INTERLACE COMMONS, SAVANNA INSTITUTE, BLUE HILL AT STONE BARNS, HOWGOOD, BENNINGTON NRCD, VOLGENAU CLIMATE INITIATIVE, REGENERATIVE AGRICULTURE FOUNDATION, YELLOWBUD FARM, HELM CONSTRUCTION SOLUTIONS, FISH PARTNERS,   LARKLEA.",2024,2777165.0,100,97165.0,75,200
631,23OMDGCA0010,CALIFORNIA CERTIFIED ORGANIC FARMERS INC,CALIFORNIA CERTIFIED ORGANIC FARMERS INC,"CALIFORNIA CERTIFIED ORGANIC FARMERS (CCOF), INC HAS OVER FIFTY YEARS EXPERIENCE WORKING WITH ORGANIC PRODUCERS AND IS NOW THE LARGEST MEMBER-BASED ORGANIC AGRICULTURE ORGANIZATION IN CALIFORNIA AND OWNS THE LARGEST ORGANIC CERTIFICATION COMPANY IN THE U.S.THE PURPOSE OF THIS GRANT IS TO IMPROVE AND EXPAND MARKET ACCESS FOR SMALL AND UNDERSERVED ORGANIC FARMERS. THERE ARE THREE GOALS OF THIS GRANT. FIRST, TO ADDRESSES TWO KEY OBSTACLES RESTRICTING GROWTH IN ORGANIC SALES, THE LACK OF CONSUMERS CLARITY ON WHAT ORGANIC MEANS AND THEIR LACK OF CONFIDENCE IN THE SEAL. SECOND, TO CREATE MARKET PATHS FOR SMALL AND UNDERSERVED ORGANIC PRODUCERS BY LINKING THEM WITH BUYERS ACTIVELY LOOKING TO SOURCE THEIR PRODUCTS. THIRD, TO EDUCATE FARMERS ON HOW TO TALK TO CONSUMERS AND BUYERS ABOUT ORGANIC AND PROVIDE THEM WITH THE TOOLS TO DO SO. THESE GOALS WILL BE ACHIEVED BY LAUNCHING A MULTI-CHANNEL MARKETING CAMPAIGN, CREATING A MARKETING TOOLKIT AND MARKETING TRAININGS FOR FARMERS, AND UPDATING AND DISSEMINATING AN ORGANIC SOURCING DIRECTORY TO SCHOOL AND RETAIL BUYERS. THE EXPECTED OUTCOMES OF THIS PROJECT ARE THAT CONSUMERS AND BUYERS WILL GAIN KNOWLEDGE ABOUT ORGANIC PRODUCTS AND THAT SMALL AND UNDERSERVED PRODUCERS WILL INCREASE ORGANIC PRODUCTION TO MEET THE RESULTING INCREASED DEMAND THROUGH DIRECT-MARKET CHANNELS AND BUYER BUSINESS TRANSACTIONS.",2024,4717941.0,100,2473795.0,67,200
639,23OMDGCA0055,CALIFORNIA CRAFT MALTINGS LLC,"California Craft Maltings, LLC dba Admiral Maltings","PROJECT PURPOSE:THE PURPOSE OF THIS PROJECT IS TO PURCHASE AND INSTALL MILLING EQUIPMENT AT ADMIRAL MALTINGS TO ALLOW FOR NEW PRODUCT OFFERINGS AND EXPANDED ORGANIC CAPACITY. SPECIFICALLY, A STONE FLOUR MILL, 4-ROLLER MILL, AND BAGGING CONVEYOR WILL BE INSTALLED. ACTIVITIES TO BE PERFORMED:THE EQUIPMENT WILL BE ORDERED, INSTALLED AND USED AT ADMIRAL MALTINGS IN ALAMEDA, CA. NEW PRODUCTS (ORGANIC STONE GROUND FLOUR ORGANIC DISTILLERS GRIST) WILL BE PRODUCED AND OFFERED TO SALE TO BAKERS, BREWERS AND DISTILLERS.DELIVERABLES AND EXPECTED OUTCOMES:THE FIRST DELIVERABLE WILL BE TO RECEIVE AND INSTALL THE MILING EQUIPMENT. AFTER INSTALLATION, THE EQUIPMENT WILL BE USED TO PRODUCE NEW MILLED PRODUCTS FOR SALE TO BAKERS, BREWERS AND DISTILLERS.INTENDED BENEFICIARIES:THERE ARE MULTIPLE ADDITIONAL BENEFICIARIES TO OUR PURCHASE OF A NEW FLOUR MILL, 6-ROLLER GRIST MILL, AND A PACKAGING LINE. THESE BENEFICIARIES INCLUDE THE ORGANIC FARMERS GROWING THE GRAIN, THE ASSOCIATED EQUIPMENT REPAIR AND SUPPLY CHAIN, VENDORS OF ORGANIC FERTILIZER, AND OTHER ORGANIC FARM RELATED VENDORS AND SERVICES. GRAIN HANDLERS GRAIN ELEVATORS WILL INCREASE THEIR BUSINESS BY HANDLING, STORING, AND CLEANING MORE ORGANIC GRAINS FOR ADMIRAL MALTINGS. FARMERS CAN DEVELOP STORAGE CAPABILITIES THAT INCREASE THEIR MARGINS AND ALLOW THEM TO WORK DIRECTLY WITH OTHER SMALLER BUSINESSES SUCH AS ADMIRAL TO STORE, CLEAN, AND SELL THEIR GRAINS DIRECTLY TO THESE BUSINESSES. DISTILLERS WILL HAVE MORE OPTIONS TO PURCHASE FRESHLY MILLED GRIST FROM THEIR LOCAL MILL RATHER THAN USING LARGER INDUSTRIAL MILLS THAT MUST SHIP THE GRAIN LONG DISTANCES. THE GRAIN BREEDING DEPARTMENTS IN SUCH AGRICULTURAL EDUCATIONAL INSTITUTIONS SUCH AS UC DAVIS AND OREGON STATE UNIVERSITY BENEFIT BECAUSE AFTER TAKING AS MUCH AS 10 YEARS TO DEVELOP A NEW SEED LINE SPECIALIZED FOR MALTING OR BAKING FLOUR, ADMIRAL MALTINGS IS AN ADDITIONAL RESOURCE TO TEST THESE NEWLY DEVELOPED GRAIN SEED LINES ON A PLANT SCALE LEVEL. THE LARGER, MULTINATIONAL MILLS AND MALTINGS MOVE MORE SLOWLY, ARE NOT AS INTERESTED IN A DIVERSE SET OF RAW MATERIALS, ARE LESS NIMBLE, LESS EXPERIMENTAL, AND COMMITTED TO LARGER BATCHES. IN CONTRAST, ADMIRAL MALTINGS CAN QUICKLY MAKE PILOT OR PLANT SCALE BATCHES OF FLOUR FROM NEWLY DEVELOPED SEED LINES. KEY PARTNERS AND COLLABORATORS:FRITZ DURST AND CASCADE FARMS- ORGANIC GRAIN SUPPLIERS WHO WILL CONTINUE TO SUPPLY HIGH QUALITY, ORGANIC GRAIN TO ENSURE THAT ADMIRAL MALTINGS HAS A STEADY SUPPLY FOR THE INCREASED CAPACITY THAT THE NEW MILLING EQUIPMENT WILL OFFER.",2024,99033.0,87,99033.0,100,187
707,23OMDGOR0052,CAMAS COUNTRY MILL LLC,"Camas Country Mill, LLC","PROJECT PURPOSE ACTIVITIES TO BE PERFORMED DELIVERABLES AND EXPECTED OUTCOMES INTENDED BENEFICIARY(IES): WHO WILL BENEFIT FROM THIS BEYOND THE APPLICANT ORGANIZATION SUBRECIPIENT, KEY PARTNER, AND COLLABORATOR ACTIVITIES. IDENTIFY THE KEY PARTNERS, COLLABORATORS AND SUBRECIPIENTS YOU KNOW WILL BE PART OF THE WORK ARE AND HOW THEIR ENGAGEMENT WILL SUPPORT THE PROGRAM GOALS.THE ORIGINAL MILL CONSTRUCTION FOR CAMAS COUNTY MILL COMMENCED IN 2010 AND THE MILL WAS LICENSED AND OPERATIONAL ON APRIL, 2011. WEVE BEEN CERTIFIED ORGANIC SINCE INCEPTION OF THE MILL IN 2011. HUNTONS FARM OPERATES A MIXED ORGANIC CONVENTIONAL FARM THAT SUPPLIES A GOOD PORTION OF OUR MILLS GRAIN NEEDS. ORGANIC IS AN IMPORTANT AND RAPIDLY EXPANDING PART OF OUR MILL BUSINESS. ORGANIC FARMING IS IMPORTANT TO US BECAUSE IT PROVIDES WHOLESOME FOOD TO PEOPLE WITH MINIMAL DISRUPTION TO THE SOIL. CAMAS COUNTY MILL CURRENTLY PROCESS ORGANIC WHEAT, SPELT, RYE, EMMER, OATS AND BUCKWHEAT. THESE ARE ALL MILLED INTO FLOUR AS WELL AS FLAKES. CURRENTLY WE OPERATE FOUR 950MM ENGSKO MILLS PRODUCING FLOUR AS WELL AS A ROASTECH ROASTER FLAKER THAT PRODUCES OUR FLAKED GRAINS.IF AWARDED THE GRANT, WE WILL PURCHASE AN ECONOS BARLEY AND GRAIN PEARLER AND A VERTICAL DEHULLER. THIS EQUIPMENT WILL BE USEFUL TO MEET INCREASING DEMAND OF HEALTHIER ORGANIC OPTIONS. WE ARE CURRENTLY PROVIDING THE GRAINS INTACT WITH HULL AND BRAN TO CONSUMERS. HAVING THE ABILITY TO DEHULL AND PEARL BARLEY OURSELVES WILL THIS PROJECT WILL ALLOW US TO INCREASE OUR ANNUAL GROSS INCOME BY 500,000, INCREASE OUR PROCESSING CAPACITY BY 15 , AND INCREASE THE AMOUNT OF ORGANIC PRODUCTS PROCESSED BY 125,000 POUNDS. OVERALL, THIS PROJECT WILL ADDRESS A BOTTLENECK IN THE ORGANICS MARKET: ORGANIC GRAIN AND LEGUME PROCESSING INFRASTRUCTURE. IT WILL ALSO INCREASE CONSUMER ACCESS TO ORGANIC GRAINS AND MEAT. THE OBJECTIVES OF THIS PROJECT INCLUDE: 1) PURCHASE EQUIPMENT FOR PEARLING AND DEHULLING BARLEY 2) INSTALL AND UTILIZE NEW PEARLING AND DEHULLING EQUIPMENT. THE GOALS OF THIS PROJECT INCLUDE: 1) INCREASE INTEREST AND ACCESS TO ANCIENT GRAINS IN THE FORM OF PEARLED ORGANIC GRAINS 2) FURTHER ORGANIC GROWER BASE WITH ORGANIC CROP OPTIONS 3) INCREASE RESILIENCY OF CAMAS COUNTY MILL AND OTHER ORGANIC FARMS 4) INCREASE CONSUMER ACCESS TO ORGANIC MEAT. CAMAS COUNTRY MILL CURRENTLY SOURCES ORGANIC GRAIN FROM THIRTEEN GROWERS IN OREGON, WASHINGTON, IDAHO, MONTANA, NORTH DAKOTA, AND CALIFORNIA, THESE WOULD BE SOME OF THE BENEFICIARIES WHEN EQUIPMENT IS PURCHASED. OUR PRIMARY CUSTOMERS THAT WILL BENEFIT FROM HAVING",2024,99999.0,98,99999.0,100,198
690,23OMDGMT0083,BAILEY CASEY,Casey Bailey,"THE HEART OF OUR FARM WAS STARTED BY MY PARENTS, ROBERT AND LINDA BAILEY. THEY EACH GREW UP ON FARMS BUT STARTED THEIR OWN TOGETHER BUYING 320 ACRES AND LEASING ABOUT 800. CURRENTLY, I, CASEY BAILEY, FARM ABOUT 6000 ACRES. MY FIRST ORGANIC CERTIFIED FIELD WAS IN 2010, A 30-ACRE FIELD OF FRENCH GREEN LENTILS. IVE NOW HAD CERTIFIED ORGANIC LAND FOR 13 YEARS. ORGANIC FARMING IS AN IMPORTANT WAY FOR FARMERS TO OWN KNOWLEDGE BEYOND INDUSTRIAL AGRICULTURE THROUGH THEIR OWN STUDY AND EXPERIENCE INTERACTING WITH NATURE AROUND THEM IN SUSTAINABLE, REITERATIVE TRAJECTORIES WHILE PRODUCING FOOD WITHOUT HARMFUL CHEMICALS. OUR FARM GROWS A MIX OF GRASSES AND LEGUMES. WE USE PERENNIAL ALFALFA TO OFFSET WEED CYCLES WHILE ADDING NITROGEN BACK TO THE SOIL. FROM THERE, WE GROW WHEAT, BARLEY, PEAS, LENTILS, CHICKPEAS, THE PERENNIAL GRASS KERNZA, AND GRASS FINISHED ORGANIC CATTLE. OUR FARM TENDS TO BE A 50 50 SPLIT BETWEEN GRASSES AND NITROGEN FIXING LEGUMES.CURRENTLY, IM LIMITING WHAT WE GROW ON THE FARM DUE TO PROCESSING FACILITY CAPACITY. WITH ACCESS TO OMDG FUNDS, I WILL PURCHASE A TELEHANDLER THAT CAN BE USED TO LOAD AND UNLOAD EQUIPMENT INVOLVED IN THE DRYING AND PROCESSING OF LEGUMES. WE WILL ALSO PURCHASE A BRANDT 2095 GRAINBELT WHICH WILL ASSIST IN THE LOADING AND UNLOADING OF RAW COMMODITIES. OVERALL, THIS PROJECT WILL RESULT IN 100 FEWER MILES TRAVELED FOR PROCESSING, AN INCREASE IN ANNUAL INCOME, AND 540,000 POUNDS OF MORE ORGANIC LEGUMES PROCESSED ON SITE. THIS PROJECT WILL HELP INCREASE CONSUMER ACCESS TO ORGANIC LEGUMES BY INCREASING PROCESSING INFRASTRUCTURE FOR ORGANIC LEGUMES.GOAL 1: STRENGTHEN AND EXPAND FARM CAPACITYGOAL 2: INCREASE CONSUMER ACCESS TO ORGANIC LEGUMES.THE PRIMARY BENEFICIARY WILL INCLUDE OUR FARM, REGIONAL END CONSUMERS, AND SOME OF OUR MAJOR PURCHASERS: AHUMMUS COMPANY CALLED LITTLE SESAME, LIFELINE DAIRY A LOCAL ORGANIC CHEESE MAKER, AND TIMELESS SEEDS. GREATERACCESS TO OUR ORGANIC PRODUCTS WILL TRICKLE DOWN TO THE CONSUMERS OF ALL THE PRODUCTS ARE MAIN BUYERS SERVE. PLEASESEE ATTACHED LETTERS OF SUPPORT FOR FURTHER DETAILS. WE WILL NOT HAVE ANY SUB-RECEIPTS.",2024,100000.0,95,100000.0,100,195
5317,AM22PRSMT5654,COLD SPRINGS ORGANICS LLC,"Cold Springs Organics, LLC","THIS GRANT SUPPORTS THE COSTS INCURRED TO IMPLEMENT MEASURES TO RESPOND TO THE NOVEL CORONAVIRUS 2019 (COVID-19), WHICH MAY INCLUDE WORKPLACE SAFETY, MARKET PIVOTS, RETROFITTING FACILITIES, TRANSPORTATION, WORKER HOUSING, AND MEDICAL EXPENSES. IT PROVIDES NEEDED RELIEF TO THE FOOD PROCESSORS, DISTRIBUTORS, FARMERS MARKETS, AND PRODUCERS FOR THEIR COSTS INCURRED BETWEEN JANUARY 27, 2020, THE DATE UPON WHICH THE PUBLIC HEALTH EMERGENCY WAS DECLARED BY THE U.S. DEPARTMENT OF HEALTH AND HUMAN SERVICE (HHS) UNDER SECTION 319 OF THE PUBLIC HEALTH SERVICE ACT, AND DECEMBER 31, 2021. BENEFICIARIES INCLUDE THE EMPLOYEES OF THE FOOD PROCESSORS, DISTRIBUTORS, FARMERS MARKETS, AND PRODUCERS.",2022,20000.0,98,2054000.0,88,186
645,23OMDGCO0002,COLORADO GRAIN CHAIN,Colorado Grain Chain,"BY WORKING WITH A NUMBER OF HIGH-INFLUENCE PARTNERS IN THE ORGANIC FOOD SPACE, THE COLORADO GRAIN CHAIN WILL ENHANCE MARKET OPPORTUNITIES FOR PRODUCERS, PROCESSORS, AND VALUE-ADDED PRODUCT MAKERS OF ORGANIC GRAIN FOR HUMAN CONSUMPTION. ALTHOUGH GRAINS MAKE UP AN AVERAGE OF 30-50 OF DIETARY INTAKE, THE ORGANIC GRAIN MARKET FOR HUMAN CONSUMPTION IS RELATIVELY LIMITED, WITH LITTLE EMPHASIS ON LOCAL SOURCING. SINCE THE INCEPTION OF THE COLORADO GRAIN CHAIN (CGC) IN 2019, THE NON-PROFIT ORGANIZATION S MISSION HAS BEEN TO GROW AND CONNECT A COMMUNITY-CENTERED GRAIN ECONOMY IN THE STATE OF COLORADO. THIS WORK INVOLVES CONNECTING OUR MEMBERSHIP BASE OF 50 BUSINESS AND CONSUMER MEMBERS TO EDUCATIONAL AND MARKETING RESOURCES, PARTNERS, AND TECHNICAL ASSISTANCE. CGCS MEMBERSHIP BASE RANGES FROM FARMERS, PROCESSORS (MILLERS AND MALTSTERS), TO ARTISANAL MAKERS (BAKERS, BREWERS, DISTILLERS, CHEFS), FOOD HUBS, AND INSTITUTIONS. THROUGH THE ORGANIC MARKET DEVELOPMENT GRANT (OMDG) WE SEEK TO CONTINUE OFFERING SUPPORT TO STAKEHOLDERS IN THE GRAIN SUPPLY CHAIN THROUGH THE PROMOTION OF ORGANIC GRAINS IN VALUE-ADDED MARKETPLACES IN ALIGNMENT WITH OUR COLORADO GROWN GRAINS MARKETING INITIATIVE, WHILE BUILDING OFF AND EXPANDING OUR CURRENT PROGRAM MODELS TO ORGANIC GRAINS. SPECIFICALLY, WE SEEK TO SUPPORT CONNECTIONS THROUGH THE GRAIN SUPPLY CHAIN THAT A) INCENTIVIZE THE CULTIVATION OF DIVERSE ORGANIC GRAINS THROUGH MICROGRANTS FOR SMALL BUSINESSES FARMS, B) ENHANCE DISTRIBUTION OF ORGANIC GRAINS THROUGH INCREASED VISIBILITY IN VALUE-ADDED MARKET CHANNELS, AND C) INCREASE MARKET AWARENESS AND DEMAND FOR LOCALLY SOURCED, FOOD-GRADE, ORGANIC GRAIN THROUGH EVENT COORDINATION AND THE CONTINUATION OF THE COLORADO GROWN GRAINS CO-BRAND STRATEGY.",2024,583840.0,100,89180.0,67,200
630,23OMDGAZ0077,CRAIG SCHMITT,Craig Schmitt,"THE SCHMITTS FARM HAS BEEN IN OPERATION SINCE 1962. THE CURRENT OWNERS, CRAIG AND LORI SCHMITT HAVE BEEN RUNNING THE FARM OPERATION SINCE 2017 AND FINISHED CONVERTING IT TO 100% ORGANIC IN 2018.  WE BELIEVE ORGANIC FARMING PROVIDES MORE NUTRITIOUS FOOD, PROTECTS THE ENVIRONMENT AND ELIMINATES HAZARDOUS CHEMICAL HANDLING FOR FARMERS. IN 2017 WE STARTED WITH 750 ACRES OF CONVENTIONAL CROPLAND AND TODAY WE OWN OR LEASE OVER 5,000 ACRES OF CERTIFIED ORGANIC CROPLAND. THE FARM GROWS SPRING WHEAT, HULLESS OATS, LENTILS, YELLOW PEAS, CHICKPEAS, HEMP GRAIN, CANOLA, ALFALFA AND FLAX.  WE HAVE A CROP ROTATION OF 25% CEREAL GRAIN (WHEAT, OATS, ETC), 25% LEGUME (PEAS, CHICKPEAS, ALFALFA), 25% OIL SEEDS (FLAX, HEMP SEED, CANOLA) AND 25% FALLOW WITH COVER CROP.  A NUMBER OF INNOVATIVE PRACTICES ARE BEING TESTED CONTINUOUSLY TO GET CLOSER TO NO-TILL OR MINIMUM TILLING USING COVER CROPS, INTERSEEDING MULTIPLE CROPS TOGETHER AND RELAY SEEDING CROPS TOGETHER. THE PURPOSE OF OUR PROJECT IS TO HELP ADDRESS A CURRENT BOTTLENECK IN THE ORGANIC MARKETPLACE: A LACK OF ORGANIC GRAIN PROCESSING INFRASTRUCTURE. OUR OBJECTIVES INCLUDE: 1) ACQUIRE NEW EQUIPMENT  2) INSTALL FLOOR AND BIN HOPPER BOTTOMS  3) BEGIN CLEANING GRAINS IN-HOUSE. THE GOALS OF OUR PROJECT INCLUDE: 1) STRENGTHEN AND EXPAND FARM CAPACITY  2) PROVIDE GRAIN CLEANING SERVICES TO OTHER ORGANIC GROWERS  3) INCREASE ACCESS TO ORGANIC GRAINS. THIS EQUIPMENT WILL ALLOW US TO INCREASE OUR ANNUAL GROSS INCOME BY $668,800, INCREASE OUR STORAGE CAPACITY BY 13,500 BUSHELS, DECREASE ANNUAL MILES TRAVELED BY AT 60,000 MILES YR, AND INCREASE OUR PROCESSING CAPACITY OF ORGANIC GRAINS BY 800,000 BUSHELS YEAR. THE MAIN EQUIPMENT BENEFICIARIES WILL INCLUDE SCHMITT ORGANIC FARMS AND OTHER FARMS IN OUR REGION THAT WILL NOW HAVE LOCAL OR MORE REGIONALIZED ACCESS TO ORGANIC GRAIN PROCESSING. THIS WILL HAVE A TRICKLE DOWN EFFECT AND WILL LEAD TO GREATER ACCESS TO ORGANIC GRAIN THROUGHOUT THE ENTIRE NORTHWEST REGION. THIS WILL ALSO POSITIVELY IMPACT OUR BUYERS AS WE WILL BE ABLE TO MORE RELIABLY PROVIDE THEM WITH PRODUCTS. IN TURN, RESTAURANTS, CONSUMERS, BAKERIES, AND RESTAURANTS WILL ALSO HAVE GREATER ACCESS TO ORGANIC GRAINS.  WE WILL NOT HAVE ANY SUBRECIPIENTS, COLLABORATORS, AND PARTNERS FOR THIS GRANT OUTSIDE OF SCHMITTS ORGANIC FARM. HOWEVER, AS OUTLINED ABOVE, THERE WILL BE MULTIPLE BENEFICIARIES AS A RESULT OF THIS FUNDING OUTSIDE OF THE APPLICANT.",2024,98283.0,100,98283.0,100,200
686,23OMDGMT0009,"CREAM OF THE WEST, INC.","Cream of the West, Inc.","THE GRANT PROJECT PURPOSE IS TO FULLY CONVERT CREAM OF THE WEST TO 100 ORGANIC AS WELL AS THE CONTINUED ORGANIC EXPANSION OF SISTER COMPANY GRUFF OVER THE NEXT THREE YEARS.ACTIVITIES TO BE PERFORMED ARE EXPANSION IN BUILDING A NEW SALES TEAM, ATTEND TRADE SHOWS, HIRE ADDITIONAL PLANT PERSONNEL, AND DRAMATICALLY INCREASE SOCIAL MEDIA AND WEB PRESENCE. CREAM OF THE WEST WILL ADD EDUCATION BY WORKING WITH SCHOOL CHILDREN THROUGH LOCAL NONPROFIT ORGANIZATIONS AND LOCAL FARMERS TO BOLSTER ORGANIC PRODUCTION AND DEVELOP CURRENT NUTRITIONAL WHOLE FOOD CLASSES TO AN EXPONENTIAL INCREASING AUDIENCE THROUGH THE USE OF EDUCATION AND SOCIAL MEDIA.THE EXPECTED OUTCOMES ARE TO INCREASE CURRENT ORGANIC SALES BY 1700 PERCENT, CREATE FIVE NEW FULL-TIME POSITIONS AND ESTABLISH 40 NEW BUYERS IN THE FORM OF BROKERS, DISTRIBUTORS, WHOLESALERS, FOOD SERVICE OPERATIONS AND RETAILERS. CREAM OF THE WEST WILL BOLSTER CURRENT EDUCATIONAL ENDEAVORS TO EXPAND, EXPONENTIALLY INCREASING AUDIENCE THROUGH BOTH BOOTS ON THE GROUND AT SITE EVENTS AS WELL AS RAMPED UP SOCIAL MEDIA ENDEAVORS, PODCASTS, AND VIDEO SERIES. THE INTENDED BENEFICIARIES ARE LOCAL MONTANA FARMERS-PROCESSORS-PARTNERS IN THE INDUSTRY, LOCAL SCHOOL CHILDREN, PLANT STAFF, THE COMMUNITY OF HARLOWTON, MONTANA, AND ANYONE WHO EATS.",2024,1205934.0,100,1016593.0,78,200
672,23OMDGME0034,"CRYSTAL SPRING COMMUNITY FARM, LLC.","Crystal Spring Community Farm, LLC","THIS PROJECT WILL INCREASE ACCESS FOR LOCAL ORGANIC PRODUCTS TO LARGE SCALE NORTHEAST GROCERY CHAINS BY PROVIDING INDUSTRY STANDARD, COST EFFECTIVE CUSTOM PACKAGING OF PRODUCE FOR SMALL ORGANIC FARMS. ORGANIC PRODUCTS IN THE NORTHEAST MID-ATLANTIC REGION ARE SIGNIFICANTLY UNDERREPRESENTED IN LARGE SCALE GROCERY MARKETS WHERE THE VAST MAJORITY OF ORGANIC FOOD PRODUCTS ARE SOLD. SMALL ORGANIC FARMS IN OUR REGION DO NOT HAVE ACCESS TO AUTOMATED PACKAGING MACHINERY THAT CAN PORTION AND PACK BULK PRODUCE INTO RETAIL SIZE, INDUSTRY STANDARD UPC LABELLED UNITS FOR LARGE SCALE RETAIL SALE. CURRENTLY, SMALL ORGANIC FARMS ARE PACKAGING BY HAND INTO EXPENSIVE SMALL RUN PACKAGES. REDUCING PACKAGING COSTS WILL ALLOW THESE FARMS TO INCREASE PRODUCTION VOLUME AND SALES REVENUE TO LARGE SCALE GROCERY WHERE MOST ORGANIC FOOD IS PURCHASED BUT LOCAL PRODUCE IS UNDERREPRESENTED BECAUSE OF PROFIT MARGIN HURDLES. OVER THE 24 MONTH TERM OF THE PROJECT MACHINERY WILL BE PURCHASED, INSTALLED AND CALIBRATED TO PROVIDE CUSTOM PACKAGING FOR FOUR FARMS WITH THE FOLLOWING GOALS:1) INCREASE THE MARKET SHARE OF ORGANIC PRODUCTS IN LARGE SCALE GROCERY STORES THROUGHOUT THE NORTHEAST.2) DECREASE UNIT COST OF SMALL ORGANIC FARM PRODUCT PACKAGING FOR RETAIL GROCERY SALES MAKING THESE PRODUCTS MORE COMPETITIVE WHILE INCREASING SALES VOLUME.3) INCREASE LABOR EFFICIENCY BY REDUCING OR ELIMINATING LOW SKILL PACKAGING TASKS AND PROVING HIGHER SKILL AND ULTIMATELY HIGHER VALUE TASKS FOR WORKERS ON ORGANIC FARMS.4)FOSTER AND STRENGTHEN CONNECTIONS BETWEEN SMALL ORGANIC FARMS TO DEVELOP SHARED PATHWAYS TOWARDS EXPANDED MARKETS.",2024,100000.0,100,100000.0,100,200
679,23OMDGMI0039,"CULTURED FERMENTS COMPANY, LLC","Cultured Ferments Company, LLC","NORTHERN MICHIGAN IS HOME TO MANY ORGANIC PRODUCERS, YET NO CAPABILITY EXISTS FOR ORGANIC PRODUCERS TO DEVELOP ORGANIC PACKAGED PRODUCTS WITH THE RAW ORGANIC COMMODITIES THEY PRODUCE. THE PURPOSE OF THIS PROJECT IS TO EXPAND MARKET ACCESS FOR NEW ORGANIC PACKAGED PRODUCTS BY ESTABLISHING AGGREGATION AND CO-MANUFACTURING SERVICES SERVING MULTIPLE ORGANIC PRODUCERS IN NORTHERN MICHIGAN INITIALLY, WITH CONTINUED GROWTH THROUGHOUT THE MIDWEST. AS A USDA ORGANIC CERTIFIED ORGANIC HANDLER AND PROCESSING FACILITY, CULTURED FERMENTS IS WELL-POSITIONED TO INTRODUCE THESE SERVICES AND TRANSFORM FROM A SINGULAR PRODUCT LINE FACILITY TO THE ABILITY TO PACKAGE ALMOST ANY VISCOUS PRODUCT IN AN ORGANIC FORMAT. FURTHERMORE, THIS PROJECT WILL ENABLE PRODUCT DEVELOPMENT OF ORGANIC KOMBUCHA MADE AVAILABLE IN CANS ALONG WITH EXISTING GLASS BOTTLE FORMATS. THIS PROJECT INCLUDES THE FOLLOWING ACTIVITIES: INSTALLATION OF A CANNING LINE TO PRODUCE ORGANIC KOMBUCHA IN CANNED FORMAT, PARTNER WITH AREA ORGANIC PRODUCERS TO PROVIDE CO-MANUFACTURING SERVICES, EXPAND DELIVERY NETWORKS AND MAXIMIZE EFFICIENCY, AND SERVE AREA ORGANIC PRODUCERS INCLUDING SMALL AND UNDERSERVED ORGANIC PRODUCERS WITH ACCESS TO NEW MARKETS.THE EXPECTED OUTCOMES WILL BE EXPANDED NETWORKS FOR ORGANIC PRODUCERS PARTICULARLY THOSE IN HISTORICALLY UNDERSERVED AREAS TO DEVELOP AND DELIVER ORGANIC PACKAGED PRODUCTS AND ACCESS NEW MARKETS. BENEFICIARIES INCLUDE NEW CLIENTS THAT CAN ACCESS CO-MANUFACTURING AND DISTRIBUTION SERVICES FOR PACKAGED ORGANIC PRODUCTS, NEW CLIENTS WHO BENEFIT FROM THE OPPORTUNITY TO ADD CANNED BEVERAGES TO THEIR PORTFOLIO, RETAIL CUSTOMERS (CONSUMERS) AND COMMUNITY PARTNERS WHO RECEIVE NEW ACCESS TO ORGANIC PRODUCTS IN NEW, UNDERSERVED MARKETS WHERE DISTRIBUTION IS CURRENTLY LIMITED. THE LARGER COMMUNITY ALSO BENEFITS FROM CREATION OF JOBS AND CREATION OF NEW BUSINESS IN A SMALL, SOCIOECONOMICALLY DISADVANTAGED RURAL COMMUNITY. LOCAL ORGANIC FARMERS WILL ALSO BENEFIT FROM PRIVATE DISTRIBUTION, WHICH IS LESS COSTLY.SEVERAL ORGANIC OPERATORS (FARMS AND OTHER FOOD COMPANIES) HAVE EXPRESSED SUPPORT FOR OUR PROJECT BECAUSE OF THE ACCESS TO NEW MARKETS AND PRODUCT DEVELOPMENT ACTIVITIES IT WILL ENABLE. ENGAGED PARTNERS THROUGHOUT THE REGION WILL STRENGTHEN THE ORGANIC FOOD SYSTEM IN NORTHERN MICHIGAN AND SUPPORT THE VALUE OF USDA ORGANIC.",2024,108250.0,100,1166250.0,71,200
663,23OMDGIA0095,"DES MOINES INDUSTRIAL, LLC","Des Moines Industrial, LLC","THE ORGANIC GRAIN GATEWAY OF IOWA (OGGI) PROJECT, IF APPROVED UNDER THIS GRANT PROGRAM, WILL HELP STABILIZE THE ORGANIC GRAINS AND LIVESTOCK FEED SUPPLY CHAIN.  IT WILL OFFER NEW MARKET ACCESS FOR IOWAS ORGANIC GRAIN FARMERS, REDUCE RELIANCE ON FOREIGN IMPORTS FOR THE COASTAL ORGANIC LIVESTOCK MARKETS AND ULTIMATELY INCREASE ORGANIC GRAIN PRODUCTION IN IOWA. THIS WILL BE ACHIEVED BY ASSEMBLING A DEDICATED ORGANIC GRAIN AGGREGATION AND MARKETING TERMINAL IN CENTRAL IOWA WITH EXISTING DIRECT ACCESS TO NORFOLK SOUTHERN, BNSF AND UNION PACIFIC RAILROADS  THE ONLY SITE IN IOWA WITH THIS CONNECTIVITY.BY THE END OF THE PROJECT, IOWAS ORGANIC CORN AND SOYBEAN FARMERS WILL SEE INCREASED DEMAND OF ORGANIC PRODUCTS, SPECIFICALLY ON THE EAST AND WEST COASTS WHICH CURRENTLY RELY ON FOREIGN IMPORTS TO MEET REGIONAL DEMAND FOR THESE PRODUCTS. BY CONNECTING THESE THREE CRITICAL RAILWAYS IN ONE LOCATION, CENTRALLY LOCATED IN THE LARGEST PRODUCING STATE OF ORGANIC CORN AND SOYBEANS, ORGANIC FARMERS IN THE STATE OF IOWA WILL HAVE DIRECT ACCESS TO NEW MARKETS.APPLICANT DES MOINES INDUSTRIAL (DSMI) AND PARTNER ORGANIZATION SUNRISE FOODS HAVE BEEN WORKING TOGETHER SINCE 2022 ON PLANNING, ENGINEERING AND MARKET SUPPORT.  SUNRISE FOODS IS THE LARGEST ORGANIC GRAIN COMPANY IN THE WORLD PURCHASING OVER 11,000,000 BUSHELS OF ORGANIC CORN PER YEAR (MORE THAN WHAT THE STATE OF IOWA GROWS TODAY).  DSMI OWNS A ONE-OF-A-KIND FACILITY IN CENTRAL IOWA WITH EXISTING TRACK AND INFRASTRUCTURE TO SUPPORT THE MODIFICATIONS PROPOSED IN THIS PROJECT SCOPE CAPABLE OF AGGREGATING AND COMPETITIVELY DISTRIBUTING THE VOLUMES REQUIRED BY THE COASTAL DAIRY AND POULTRY INDUSTRIES.  TOGETHER, WITH THE SUPPORT OF IOWA ORGANIC FARMERS, USDA NOP TOPP PARTNERS, IOWA DEPARTMENT OF AGRICULTURE AND THE ORGANIC TRADE ASSOCIATION, THE PROJECT WILL BE A CRUCIAL STEP IN SUSTAINING THE GROWTH IN DOMESTIC ORGANIC PRODUCTION BY PROVIDING THE INFRASTRUCTURE AND MARKET ACCESS NEEDED.",2024,6000000.0,100,600000.0,94,200
665,23OMDGID0044,"DOUBLE EAGLE DAIRY, INC.","Double Eagle Dairy, Inc.","THE PURPOSE OF THIS PROJECT IS TO CREATE A MARKETPLACE TO SELL ORGANIC FEEDS. IN OUR AREA, THERE CURRENTLY EXISTS A GAP IN THE SUPPLY CHAIN BETWEEN ORGANIC COMMODITIES THAT ARE BEING GROWN IN THE AREA AND THE ORGANIC FEED BEING CONSUMED IN THE AREA. GROWING A HEALTHY ORGANIC CROP IS ONLY THE BEGINNING STEP IN CREATING A NUTRITIOUS FEED FOR ORGANIC ANIMALS. SPECIALIZED MACHINES AND EQUIPMENT ARE USED TO TURN VARIOUS ORGANIC COMMODITIES INTO PRECISE RATIONS AND MIXTURES FOR FEEDS. FARMERS GROW ORGANIC CROPS INTENDED FOR ANIMAL FEED, BUT ARE UNABLE TO SELL LOCALLY BECAUSE THE ABILITY AND OR CAPACITY TO PROCESS THE ORGANIC COMMODITY INTO ANIMAL FEED IS UNAVAILABLE. THUS, THE FARMER RESORTS TO SELLING CROPS TO FEED PROCESSORS OUT OF THE AREA, CAUSING THE ORGANIC FEED CONSUMER TO BUY OUT OF THE AREA AS WELL. THIS CREATES SIGNIFICANT ADDED COSTS FOR BOTH BUYER AND SELLER. THIS PROJECT WOULD ADDRESS THE SUPPLY CHAIN ISSUE DIRECTLY. THE ACTIVITIES TO BE PERFORMED WOULD BE TO PURCHASE AND INSTALL VARIOUS MACHINERY AND EQUIPMENT TO BE USED TO EFFICIENTLY AND ACCURATELY CONVERT ORGANIC CROPS INTO PRECISE ANIMAL FEEDS. THIS WOULD ENABLE US TO CREATE A MARKETPLACE FOR ORGANIC ANIMAL FEEDS. THE MARKETPLACE WOULD CREATE DELIVERABLE ORGANIC FEED PRODUCTS THAT WOULD INCLUDE FORMULATED PELLETS, TOTAL MIXED RATIONS, AND PROCESSED COMMODITIES THAT COULD BE USED INDIVIDUALLY OR INCORPORATED INTO THE CUSTOMER S MIXED RATION FOR THEIR FEEDING OPERATION. THE EXPECTED OUTCOMES WOULD BE AN INCREASED PROCESSING CAPACITY IN THE AREA FOR ORGANIC CROP FARMERS AND INCREASED CONSUMPTION OF LOCAL ORGANIC FEEDS. LOCAL ORGANIC PRODUCERS WOULD BENEFIT FROM HAVING THE OPTION OF SELLING THEIR CROPS WITHOUT THE ADDED COST OF MARKETING AND TRANSPORTATION. ORGANIC FEED CONSUMERS WOULD EXPERIENCE THE SAME BENEFIT WITH THE ADDITIONAL BENEFIT OF BEING ABLE TO PURCHASE FEED IN QUANTITIES THAT BETTER ALIGNS WITH THE NEEDS OF THEIR OPERATIONS. INSTEAD OF HAVING TO PURCHASE FULL TRUCK LOADS OR TRAIN CAR LOADS OF A PARTICULAR FEED TO HELP SPREAD THE COST OF FREIGHT OUT, THEY COULD PURCHASE IN AMOUNTS LESS THAN THAT WITHOUT FREIGHT COSTS BEING THE PRIMARY DRIVER IN THEIR DECISIONS. THE FARMER SELLING THE CROPS AND THE CONSUMER PURCHASING THE FEED WILL BOTH BE THE BENEFICIARIES OF BETTER FINANCIAL RETURNS TO THEIR OPERATION FROM THIS PROJECT. WHICH IN TURN, COULD CREATE AN OPPORTUNITY FOR OTHER NON-ORGANIC OPERATIONS TO CONSIDER TRANSITIONING THEIR BUSINESS TO ORGANIC IN THE FUTURE. DARRELL FUNK FARMS, EAGLEVIEW DAIRY, AND STREAMLINE PRECISION WILL ALL PLAY KEY ROLES IN THIS PROJECT. DARRELL FUNK FARMS GROWS OVER 10,000 ACRES OF ORGANIC CROPS ANNUALLY. EAGLEVIEW DAIRY FEEDS OVER 2,100 ORGANIC MILK COWS EVERYDAY. BOTH OF THESE OPERATIONS HAVE COMMITTED TO SUPPORTING THIS PROJECT BY EITHER SELLING COMMODITIES OR PURCHASING FEED FROM THE MARKETPLACE. STREAMLINE PRECISION IS A FULL-SERVICE CONTRACTOR THAT SPECIALIZES IN LARGE-SCALE, COMMERCIAL PROJECTS. THEY HAVE THE EXPERTISE AND EQUIPMENT TO COORDINATE AND DELIVER ON ALL PHASES OF THIS PROJECT. STREAMLINE PRECISION HAS MANUFACTURING AND CONTRACTING ALL UNDER ONE ROOF - MAKING COORDINATED, ACCURATE, CONFIDENTIAL AND CONSISTENT TIMELINES. THROUGH OUR COMBINED EFFORTS AND KNOWLEDGE, THIS PROJECT PROMISES TO BE A RESOUNDING SUCCESS FOR THE RAPIDLY GROWING ORGANIC MARKET.",2024,1416000.0,100,100000.0,71,200
691,23OMDGMT0084,DOUGLAS CRABTREE,Douglas Crabtree DBA Vilicus Farms,"THE PURPOSE OF THIS PROJECT IS TO PURCHASE AN AIR SCREEN CLEANER AND CROP HANDLING EQUIPMENT TO ENABLE VILICUS FARMS IN MAINTAINING, EXPANDING AND CREATING NEW MARKETS IN MONTANA (AND BEYOND) FOR ORGANIC RYE, GRAINS, LEGUMES, ORGANIC ANIMAL FEED, AND ORGANIC SEED. THIS $101,150 INVESTMENT SIGNIFICANTLY UPGRADES THE FARMS SEED CLEANING CAPACITY (BOTH QUANTITY AND QUALITY) AND INCREASES OPERATIONAL EFFICIENCY BY LOCATING ALL CLEANING EQUIPMENT AT ONE SITE WITH DEDICATED STORAGE AND HANDLING FACILITIES.  THE FARM IS CURRENTLY SELLING IDENTIFY PRESERVED RYE TO TWO CRAFT DISTILLERS IN MONTANA.  THIS PROJECT MAINTAINS THOSE RELATIONSHIPS AND ENABLES MORE DIRECT SALES OF IDENTITY-PRESERVED SINGLE ORIGIN ORGANIC RYE AND GRAINS TO OTHER DISTILLERS AND FARMS WHO WISH TO OFFER A GRAIN AND OR LEGUMES AS PART OF THEIR VEGETABLE COMMUNITY SUPPORTED AGRICULTURE PROGRAMS (CSAS). THIS INCLUDES 70 SHAREHOLDERS IN VILICUS FARMS COMMUNITY SUPPORTED STEWARDSHIP AGRICULTURE PROGRAM.  SCREENINGS FROM CLEANING ACTIVITIES WILL BE SOLD AS ANIMAL FEED, CREATING A NEW PRODUCT FOR THE FARM AND NEW FARM TO FARM RELATIONSHIPS. THE EQUIPMENT INVESTMENT WILL ALSO SUPPORT CLEANING SEED FOR ON-FARM USE AND POTENTIAL SALES TO OTHER FARMERS.  THIS WILL START TO BUILD A MARKET FOR ORGANIC SEED, WHICH DOES NOT CURRENTLY EXIST.   FINALLY, IN COLLABORATION WITH THE MONTANA ORGANIC PRODUCERS COOPERATIVE, THE FARM WILL ASSIST OTHER ORGANIC PRODUCERS, BY CLEANING THEIR CROPS AND TAKE ADVANTAGE OF LARGER OUT OF STATE MARKET OPPORTUNITIES FOR ORGANIC GRAINS.  SALES TO THESE MARKETS HAVE BEEN STYMIED DUE TO LIMITED ORGANIC PROCESSING INFRASTRUCTURE IN MONTANA. VILICUS FARMS IS CURRENTLY HAULING UNCLEANED GRAIN 170 MILES ONE WAY TO BE PROCESSED.  THE SCREENINGS USUALLY CANNOT BE RETAINED AND THERE IS LIMITED FLEXIBILITY FROM THESE PROCESSORS ON SCHEDULE AND QUANTITIES.  ANNUAL INCREASED ORGANIC PRODUCTION AND SALES ESTIMATES ARE:  275,000LBS OF DIRECT SALES ($141,900 GROSS), 101,000LBS OF SCREENINGS FOR ANIMAL FEED ($29,000), 702,000LBS OF SEED FOR ON-FARM USE AND POTENTIAL SALE TO OTHER FARMERS, AND CLEANING FOR OTHERS 1,950,000LBS ($48,750).  THIS INCOME WILL SUPPORT THE TRANSITION OF TWO SEASONAL EMPLOYEES TO FULLTIME, YEAR-ROUND EMPLOYEES.  BENEFICIARIES OF THIS PROJECT ARE IN MONTANA AND FAR BEYOND. CURRENT COLLABORATORS REPRESENT FOUR STATES OUTSIDE OF MONTANA AND CANADA.  THIS PROJECT INCREASES THE CONSUMPTION OF DOMESTIC ORGANIC CROPS, AND IT GROWS CONSUMER AWARENESS ABOUT ORGANIC AGRICULTURE THROUGH DIRECT CONNECTIONS TO ORGANIC FARM COMMUNITIES IN MONTANA AND WASHINGTON. THIS PROJECT IMPACTS 4 DISTILLERIES IN MONTANA, ONE WHICH IS JUST OUTSIDE OF GLACIER NATIONAL PARK AND HAS A TREMENDOUS CUSTOMER BASE.  ANYTIME SPRITZ, IS THE FIRST REGENERATIVE ORGANIC CERTIFIED SPIRITS COMPANY AND IS COMMITTED TO STORY-TELLING ABOUT THEIR SUPPLY CHAIN IN A WAY THAT BENEFITS THE FARM.   40 CENTURY RYE, ANOTHER NEW REGENERATIVE ORGANIC BAKING MIX COMPANY IS INVOLVED IN CREATING A BIODIVERSITY MARKETPLACE ROOTED IN ORGANIC AGRICULTURE, AND MUST BE BASED IN A DIRECT FARM RELATIONSHIP AND IDENTITY PRESERVED PRODUCTS.  GRUFF GRITS PRAIRIE GRASS RANCH, BASED IN MONTANA, WILL EXPAND THEIR PRODUCT LINE TO INCLUDE RYE.   ABRAXAS FARMS WILL USE SCREENINGS FOR THEIR HERITAGE HOG OPERATION.  APRIL JOY FARM WILL TEACH HER CSA MEMBERS AND OTHER CSA FARMS IN WASHINGTON ABOUT ORGANIC GRAINS. SARAH KELLOGG OF POLLY-LABS WILL HELP IDENTIFY ADDITIONAL BUYERS AND PROCESSING INFRASTRUCTURE.  VILICUS FARMS IS WELL KNOWN AND IS COMMITTED TO THE EXPANSION OF ORGANIC AGRICULTURE. AS A FIRST-GENERATION FARM, GROWING A DIVERSE SET OF CROPS AND INTEGRATING LIVESTOCK ACROSS 12,500 ACRES, THEIR FARM OPERATIONS ARE A MODEL FOR WHAT AGRICULTURE NEEDS TO BECOME TO BE MORE CLIMATE RESILIENT.  THIS PROJECT WILL GROW THAT RESILIENCE BY BUILDING A NETWORK OF OVER 15 FARMERS AND SMALL BUSINESSES WHO CARE ABOUT ORGANIC FOOD FOR THEMSELVES, THEIR CONSUMERS AND THEIR ANIMALS USING IDENTITY PRESERVED DIRECT SALES.",2024,100000.0,90,100000.0,100,190
637,23OMDGCA0031,"ECOCENTER, INC.",ECOCENTER INC,"DESPITE HAVING A HIGH DENSITY OF SMALL FARMS, SOUTHERN CALIFORNIA FACES A SIGNIFICANT LACK OF CERTIFIED ORGANIC PROCESSING FACILITIES, AN ISSUE THAT NEGATIVELY AFFECTS SMALL AND UNDERSERVED FARMS WHICH RELY ON TIME-CONSUMING, COSTLY HAND LABOR TO PROCESS THEIR ORGANIC COMMODITIES AND CREATE VALUE-ADDED PRODUCTS. TO ADDRESS THIS CHALLENGING ISSUE, THE ECOLOGY CENTER (TEC), A 28-ACRE REGENERATIVE ORGANIC CERTIFIED AND ORGANIC CERTIFIED NON-PROFIT FARM, ON-SITE FARM STAND FOR ORGANIC PRODUCE AND VALUE-ADDED PRODUCTS, AND EDUCATION CENTER, WILL USE GRANT FUNDING TO EXPAND ITS PROCESSING AND DISTRIBUTION CAPACITY FOR VALUE-ADDED PRODUCTS MADE FROM ORGANIC CORN, LEGUMES (BEANS), AND FRUIT. THE GOAL OF THIS PROJECT IS TO PROVIDE A SHARED PROCESSING SERVICE THAT WILL BENEFIT SMALL, LOCAL, ORGANIC FARMS AND FACILITATE THEIR ACCESS TO ORGANIC MARKETS.TEC WILL RENOVATE ITS ON-SITE PROCESSING WAREHOUSE FOR FOOD SAFETY REGULATIONS AND TO ACCOMMODATE NEW PROCESSING EQUIPMENT FOR ORGANIC CORN, LEGUMES, AND FRUIT. TEC WILL ALSO STRENGTHEN PARTNERSHIPS WITH THE SOUTHERN CALIFORNIAN ORGANIC FARM COMMUNITY AND GROW THE SHARED BENEFIT OF INCREASED REGIONAL PROCESSING CAPACITY. NEW PROCESSING EQUIPMENT AND INCREASED PARTNERSHIPS WILL ALLOW FOR SCALED PRODUCTION OF HIGH-DEMAND ORGANIC VALUE-ADDED PRODUCTS INCLUDING JAMS, TORTILLAS, DRIED BEANS, AND SAUCES, AND TEC WILL EXPAND SALES CHANNELS FOR DISTRIBUTION.THIS PROJECT WILL INCREASE ORGANIC VALUE-ADDED PRODUCTION BY 7X IN THE FIRST YEAR OF PRODUCTION, RESULTING IN A TOTAL OF 80,000 LBS OR MORE OF ORGANIC CORN, LEGUMES, AND FRUIT PROCESSED INTO 372,000 OR MORE UNITS OF ORGANIC VALUE-ADDED PRODUCTS BY THE END OF THE GRANT PERIOD. THE PROJECT WILL INCREASE THE CONSUMPTION OF DOMESTICALLY PRODUCED ORGANIC PRODUCTS BY REACHING AT LEAST 40,000 NEW CUSTOMERS AND INFLUENCING UP TO 400,000 NEW CONSUMERS THROUGH THE ADDITION OF 10 OR MORE NEW SALES CHANNELS BY THE END OF THE GRANT PERIOD. THE INVESTMENT IN ORGANIC PROCESSING CAPACITY IN THE REGION WILL FACILITATE MARKET ACCESS FOR 15 OR MORE SOUTHERN CALIFORNIAN ORGANIC PRODUCERS (AT LEAST 10 SMALL, BEGINNER, OR UNDERSERVED FARMS) BY THE END OF THE PROJECT PERIOD.THE PROJECT WILL BENEFIT SOUTHERN CALIFORNIAN ORGANIC PRODUCERS. PROVIDING A SHARED PROCESSING FACILITY FOR LOCAL ORGANIC FARMERS, WHICH WOULD OTHERWISE BE UNAVAILABLE IN THE REGION, WILL REMOVE BARRIERS TO THE ORGANIC MARKET FOR SMALLER LOCAL FARMS BY REDUCING OPERATING COSTS FROM TIME-CONSUMING HAND-PROCESSING AND INCREASING EFFICIENCY AND PROFITABILITY THROUGH NEW EQUIPMENT AND INCREASED DISTRIBUTION.ENGAGEMENT WITH THE PROJECT PARTNERS, SMALL-SCALE ORGANIC FARMS IN SOUTHERN CALIFORNIA, WILL SUPPORT THE DEVELOPMENT OF NEW AND IMPROVED MARKETS FOR DOMESTIC ORGANIC PRODUCTS. BY COLLABORATING WITH MULTIPLE ORGANIC PRODUCERS FOR ORGANIC PROCESSING AND VALUE-ADDED PRODUCTION, IT WILL ALLOW FOR SCALED PRODUCTION AND DISTRIBUTION OF ORGANIC PRODUCTS, AND INCREASE THE CONSUMPTION OF DOMESTICALLY, AND LOCALLY, PRODUCED ORGANIC COMMODITIESINDUCING APPROXIMATELY $2.2 MILLION IN SALES BY THE PROJECTS THIRD YEAR TO BENEFIT AT LEAST 15 LOCAL ORGANIC FARMS.",2024,3970397.0,96,2975397.0,78,174
703,23OMDGNY0048,FARMER GROUND FLOUR LLC,"Farmer Ground Flour, LLC","FARMER GROUND FLOUR BUYS AND PROCESSES A DIVERSITY OF ORGANIC GRAIN CROPS, PAYING A PREMIUM TO LOCAL FARMERS AND PROVIDING A MARKET FOR ORGANIC CROPS NOT OTHERWISE GROWN IN NEW YORK. WE CONTRACT WITH LOCAL FARMERS FOR HARD WHEAT, WHICH IS TRADITIONALLY GROWN IN WESTERN STATES, IN ORDER TO PRODUCE BREAD FLOUR FOR THE NORTHEAST MARKET. BY SHORTENING THE SUPPLY CHAIN AND REDUCING FOOD MILES, THE CARBON FOOTPRINT OF OUR FLOUR IS REDUCED RELATIVE TO THE INDUSTRY STANDARD.THIS PROJECT WILL HELP US INCREASE OUR ANNUAL GRAIN CLEANING AND MILLING CAPACITY, INCREASING THE VOLUME OF GRAIN PURCHASED. BY UPGRADING OUR GRAIN CLEANING AND FLOUR MILLING SYSTEMS SIMULTANEOUSLY, WE WILL HAVE GREATER CAPABILITIES FROM START TO FINISH WITHOUT BOTTLENECKS. A NEW GRAIN CLEANER WILL ENABLE US TO PROCESS CROPS FOR LONG-TERM STORAGE EFFICIENTLY AND WITH LESS WASTE, AND A NEW PAIR OF MILLS WILL INCREASE OUR HOURLY MILLING CAPABILITY. THE OUTCOME IS THAT OUR CAPACITY WILL INCREASE BY 50 . THIS WILL BENEFIT EXISTING REGIONAL ORGANIC FARMERS, AND THOSE HOPING TO TRANSITION TO ORGANIC, WHO WILL HAVE INCREASED MARKET ACCESS TO A PREMIUM PRICE FOR A DIVERSE RANGE OF CROPS.",2024,99897.14,98,99897.14,100,198
644,23OMDGCA0109,FERREIRA & SON DAIRY,Feirreria & Son Dairy,"FERREIRA   SON DAIRY IS LOCATED IN ARCATA, CALIFORNIA, AND IS RUN BY DARIN FERREIRA, A THIRD GENERATION DAIRY FARMER. DARINS GRANDPARENTS MOVED FROM FERNDALE, CALIFORNIA NORTH TO THE ARCATA BOTTOMS TO BEGIN THE DAIRY AFTER THE FLOOD IN 1955, AND DARIN TOOK OVER RUNNING THE FAMILY BUSINESS IN 2018.  THE DAIRY HAS BEEN CERTIFIED ORGANIC SINCE 2007 AND BECAME CERTIFIED GRASS FED IN 2016.  HISTORIC DROUGHT AND INCREASING FEED COSTS IN RECENT YEARS HAVE FORCED LOCAL DAIRIES TO MAKE HARD DECISIONS ABOUT THE FUTURE OF THEIR GENERATIONAL BUSINESSES. IN RESPONSE TO THESE INDUSTRY AND CLIMATE -BASED CHALLENGES, FERREIRA   SON DAIRY HAS EMBARKED ON A FIVE YEAR PLAN TO REMAIN SELF-SUFFICIENT BY EXPANDING AND DIVERSIFYING PRODUCTION, TAKING OVER THEIR OWN DISTRIBUTION THEREBY CUTTING THE COSTS OF MIDDLE DISTRIBUTORS. DURING THE FIRST YEAR, 2021-2022, FERRIERA   SON DAIRY COMPLETED THE FIRST PHASE OF THIS EXPANSION, BUILDING HUMBOLDT COUNTYS FIRST TRULY LOCAL MILK PROCESSING AND BOTTLING PLANT. THE MILK IS PROCESSED RIGHT FROM THE TANK, BOTTLED INTO GLASS BOTTLES, THEN DISTRIBUTED DIRECTLY TO LOCAL STORES,. THE NEXT PHASE OF THE PROJECT IS THE ACQUISITION OF EQUIPMENT TO EXPAND PRODUCTION. THE FUNDS FROM THIS OPPORTUNITY WILL ENABLE THE DAIRY TO PURCHASE EQUIPMENT THAT WILL QUADRUPLE PRODUCTION WITH DIVERSIFIED FATS PERCENTAGES THAT CAN BE USED TO DEVELOP, PRODUCE AND DISTRIBUTE OTHER PRODUCTS THAT WILL GENERATE MORE INCOME FOR THE DAIRY AND INCREASE GROWTH OF THE MARKET FOR ORGANIC PRODUCTS OVERALL IN THE LOCAL ECONOMY. CURRENTLY, FERREIRA   SON DAIRY HAS LIMITED STORAGE CAPACITY, AND USES A MANUAL SINGLE-VALVE BOTTLE FILLER TO PRODUCE ITS MILK PRODUCTS. FUNDS FROM THIS GRANT OPPORTUNITY WILL BE USED TO PURCHASE FOUR ESSENTIAL PIECES OF EQUIPMENT FOR THE NEXT PHASE OF EXPANSION:  A C-STAINLESS TWO-VALVE FILLER, A 600 GALLON DOUBLE WALL TANK, A 700 GALLON PITCHED BOTTOM AGITATED TANK AND A 5 FOOT C-STAINLESS 5-FOOT COP VAT AUTOMATIC EQUIPMENT WASHER AND STERILIZER.  THE 600 GALLON DOUBLE WALL TANK IS NEEDED FOR INCREASED MILK STORAGE. THE TWO VALVE FILLER WILL ALLOW FOR PACKAGING FLUID MILK INTO GLASS BOTTLES OR PLASTIC JUGS. CURRENTLY THE DAIRY USES EXCLUSIVELY GLASS BOTTLES, BUT WITH THE NEW MACHINE, THE DAIRY WILL BE ABLE TO PROVIDE PRODUCTS FOR THE CAL POLY HUMBOLDT UNIVERSITY SYSTEM . THE FILLER CAN ACCOMMODATE A VARIETY OF FLUIDS, INCLUDING REGULAR MILK, FLAVORED MILK, EGG NOG, ETC. THE EQUIPMENT CAN FILL UP TO 10 BOTTLES PER MINUTE, A SUBSTANTIAL INCREASE FROM THE CURRENT SINGLE-VALVE AUTOMATIC FILLER AND THE DESIGN ALLOWS FOR MORE EFFICIENT CHANGES TO BOTTLE SIZES TO ACCOMMODATE ORDERS FROM VARYING MARKETS. THIS EQUIPMENT WILL INCREASE THE CAPACITY OF DAIRY PRODUCTION FROM 300 TO 2000 GALLONS PER WEEK, INCREASING NET SALES FROM $120K PER YEAR TO APPROXIMATELY $480K. THE AUTOMATIC COP VAT UNIT WILL ENABLE THE DAIRY TO KEEP UP WITH THE CAPACITY OF THE NEW FILLER AND MEET STERILIZATION REQUIREMENTS FOR VARIOUS DAIRY PRODUCTS SUCH ICE CREAM.HERE IN HUMBOLDT, THERE IS A STRONG CULTURE OF SUPPORT FOR LOCAL FOOD AND DAIRY PRODUCERS, AND FOR ORGANIC FARMS OF ALL FORMS, BUT ESPECIALLY FOR ORGANIC AND GRASS-FED DAIRY PRODUCTS AND LOCAL PRODUCERS ARE SEEING LOCAL DEMAND FOR MORE VARIETIES OF DAIRY PRODUCTS. IN 2016, HUMBOLDT COUNTY DAIRY FARMS CONTRIBUTED APPROXIMATELY $251M IN REVENUE TO THE STATE. CURRENTLY, THE FERREIRA   SON DAIRY PRODUCES AND DISTRIBUTES WHOLE MILK AND HAS DISTRIBUTION IN ALL LOCAL GROCERY MARKETS, INCLUDING FIELDBROOK MARKET, INDIANOLA MARKET, EUREKA NATURAL FOODS, MURPHYS MARKETS, NORTH COAST CO-OPS, MYRMYRTLE AVENUE, EUREKA) AND DAZEYS (ARCATA). WITH THE PURCHASE OF THE EQUIPMENT, THE DAIRY WILL BE ABLE TO IMMEDIATELY START PRODUCING AND DISTRIBUTING ICE CREAM AND BUTTER, IN ADDITION TO VARYING MILK-FAT PERCENTAGE PRODUCTS TO ALL OF THESE CURRENT DISTRIBUTION MARKETS. OVER THE NEXT FIVE YEARS, FERREIRA   SON DAIRY PLANS TO ALSO INTRODUCE THEIR YOGURT AND CHEESE INTO THE LOCAL ORGANIC MARKET ECONOMY.",2024,99811.5,93,99811.5,100,193
680,23OMDGMI0040,GF GRAINS LLC,GF Grains LLC,"PROJECT PURPOSE: THE PURPOSE OF OUR PROJECT IS TO ENHANCE AND OPTIMIZE THE CAPACITY OF GRANOR FARM TO HANDLE, PACKAGE, AND DISTRIBUTE IDENTITY-PRESERVED ORGANIC GRAINS TO A VARIETY OF END-USERS. GF GRAINS LLC OPERATES UNDER THE TRADE NAME GRANOR FARM, AND BOTH ENTITIES REFER TO THE SAME FARM AND THE SAME OPERATION PERSONNEL. OUR PROJECT WILL IMPROVE THE EFFICIENCY, ACCURACY, AND SAFETY OF THE GRAIN HANDLING PROCESS WHILE MEETING THE HIGH-QUALITY STANDARDS DEMANDED BY FOOD-GRADE BUYERS. BY IMPLEMENTING NEW EQUIPMENT AND SYSTEMS, OUR PROJECT WILL STREAMLINE GRAIN FILLING, MEASURING, AND PALLETIZING, THEREBY ENHANCING MARKET ACCESS FOR ORGANIC PRODUCTS AND STRENGTHENING GRANOR FARM S POSITION IN THE ORGANIC GRAIN MARKET.ACTIVITIES TO BE PERFORMED: OUR PROJECT ACTIVITIES INVOLVE THREE PRIMARY OBJECTIVES:1) INCREASE CAPACITY TO FILL, MEASURE, AND PALLETIZE SUPERSACK TOTES OF IDENTITY-PRESERVED ORGANIC GRAINS TO CATER TO VARIOUS END-USERS.2) ELIMINATE EXCESSIVE GRAIN DAMAGE AND LOT CONTAMINATION DURING PACKAGING AND POST-HARVEST HANDLING OF ORGANIC GRAINS.3) INCREASE GRAIN SHIPPING CAPACITY AND MINIMIZE WORKPLACE HAZARDS WHILE FILLING GRAIN SUPERSACKS.DELIVERABLES AND EXPECTED OUTCOMES: THE MAIN DELIVERABLES OF THE PROJECT INCLUDE THE ACQUISITION AND IMPLEMENTATION OF TWO KEY PIECES OF EQUIPMENT: THE UNVERFERTH 3955 DUAL-COMPARTMENT SEED TENDER AND THE BRANDT 1535 LPTD FIELD LOADER CONVEYOR. THESE EQUIPMENT UPGRADES ARE EXPECTED TO RESULT IN THE FOLLOWING OUTCOMES:1) IMPROVED PRECISION AND CLEANLINESS IN FILLING SUPERSACKS, ENABLING EASIER STORAGE AND TRANSPORTATION FOR END-USERS.2) ELIMINATION OF GRAIN DAMAGE AND CONTAMINATION, LEADING TO THE PRODUCTION OF HIGH-QUALITY IDENTITY-PRESERVED ORGANIC GRAINS.3) ENHANCED GRAIN PACKAGING EFFICIENCY, REGARDLESS OF WEATHER CONDITIONS, REDUCING PACKAGING TIME SIGNIFICANTLY AND MEETING END-USERS DEMANDS IN A TIMELY MANNER.INTENDED BENEFICIARIES: BEYOND GRANOR FARMS, AS THE APPLICANT ORGANIZATION, THE INTENDED BENEFICIARIES OF THIS PROJECT ARE THE VARIOUS END-USERS AND FOOD-GRADE BUYERS WHO RELY ON GRANOR FARM FOR CERTIFIED ORGANIC ROTATIONAL CROPS. THESE BUYERS INCLUDE MALTSTERS, MILLERS, DISTILLERS, BAKERS, BREWERS, AND OTHER RELEVANT END-USERS. THE IMPROVED HANDLING, PACKAGING, AND WEIGHING PROCESSES WILL PROVIDE THESE BENEFICIARIES WITH A MORE RELIABLE AND RESILIENT SUPPLY CHAIN FOR THEIR ORGANIC FOOD-GRADE GRAIN NEEDS. ADDITIONALLY, OUR PROJECT WILL BENEFIT CONSUMERS WHO WILL HAVE ACCESS TO HIGH-QUALITY IDENTITY-PRESERVED ORGANIC GRAINS, CONTRIBUTING TO HEALTHIER, LOCAL, AND SUSTAINABLE FOOD OPTIONS FOR PEOPLE IN OUR AREA.KEY PARTNER AND COLLABORATOR ACTIVITIES: THE KEY PARTNERS AND COLLABORATORS IN OUR PROJECT INCLUDE SUPPLIERS AND MANUFACTURERS OF THE EQUIPMENT, UNVERFERTH AND BRANDT. THEIR ENGAGEMENT IS VITAL TO PROVIDING THE UNVERFERTH 3955 DUAL-COMPARTMENT SEED TENDER AND THE BRANDT 1535 LPTD FIELD LOADER CONVEYOR, RESPECTIVELY. THESE PARTNERS INVOLVEMENT ENSURES THAT THE EQUIPMENT MEETS THE FARM S SPECIFIC NEEDS AND SUPPORTS THE PROGRAM GOALS OF IMPROVING GRAIN HANDLING EFFICIENCY AND QUALITY.IN ADDITION, OUR GRANT AND FARM PARTNERS WILL CONTRIBUTE TO THE SUCCESSFUL IMPLEMENTATION AND OPTIMIZATION OF THE NEW EQUIPMENT, COMPLIANCE WITH SAFETY AND QUALITY STANDARDS, AND ADHERENCE TO REGULATORY REQUIREMENTS. BY WORKING TOGETHER WITH THESE KEY PARTNERS, GRANOR FARM CAN EFFECTIVELY ACHIEVE ITS OBJECTIVES, BENEFITTING NOT ONLY THE FARM ITSELF BUT ALSO THE BROADER COMMUNITY OF END-USERS, BUYERS, AND CONSUMERS INVOLVED IN THE ORGANIC GRAIN MARKET.",2024,75450.0,100,75450.0,100,200
655,23OMDGGA0037,"GEORGIA ORGANIC PEANUT ASSOCIATION, INC.","Georgia Organic Peanut Association, Inc.","THE GOAL OF THIS ORGANIC MARKET DEVELOPMENT GRANT PROJECT IS TO CREATE A NEW MARKET AND TO ENHANCE THE VALUE OF CERTIFIED ORGANIC PEANUTS PRODUCED AND PROCESSED IN GEORGIA. THE PROJECT WILL FORGE A NEW PARTNERSHIP BETWEEN THE GEORGIA ORGANIC PEANUT ASSOCIATION, A FARMER-OWNED MARKETING COOPERATIVE, AND OLIVER OIL COMPANY, A SMALL FAMILY-OWNED PROCESSOR OF COLD-PRESSED CULINARY OIL. TOGETHER, THEY WILL ACQUIRE PARALLEL PROCESSING EQUIPMENT THAT WILL ENABLE, FOR THE FIRST TIME IN THE SOUTHEAST, THE PRODUCTION OF CERTIFIED ORGANIC PEANUT OIL BY EXPANDING PROCESSING CAPACITY AND PREVENTING COMMINGLING OF ORGANIC AND NON-ORGANIC PRODUCTS. THIS NEW ENTERPRISE WILL BE SUPPORTED BY A JOINT MARKETING CAMPAIGN TO STIMULATE DEMAND. AS A RESULT OF THE PROJECT, ONE PROCESSING FACILITY AND ONE STORAGE FACILITY WILL OBTAIN ORGANIC CERTIFICATION FOR THE FIRST TIME, FOSTERING A NEW LOCAL SUPPLY CHAIN FOR CERTIFIED ORGANIC COMMODITIES. MARKETING THROUGH THE GEORGIA ORGANIC PEANUT ASSOCIATION, FARMERS WILL INCREASE THE PRODUCTION, PROCESSING, AND SALES OF CERTIFIED ORGANIC PEANUTS GROWN IN THE REGION BY 50 PERCENT. THE PROJECT WILL HAVE A BENEFICIAL FINANCIAL EFFECT ON NO FEWER THAN 15 FARMERS IN THE SOUTHEAST, INCLUDING TWO BEGINNING FARMERS AND TWO SOCIALLY DISADVANTAGED PRODUCERS, AND CREATE ONE NEW JOB. ALL PARTICIPANTS IN THIS PROJECT ARE LOCATED IN RURAL COUNTIES WITH POVERTY LEVELS IN EXCESS OF 10 PERCENT.",2024,370799.0,100,79196.0,67,200
701,23OMDGNY0043,GIANFORTE FARM LLC,Gianforte Farm LLC,"GIANFORTE FARM IS A CERTIFIED ORGANIC GRAIN FARM THAT FARMS APPROXIMATELY 800 ACRES AND CURRENTLY GRINDS FEED FOR LOCAL DAIRY AND LIVESTOCK PRODUCERS IN LIMITED QUANTITIES. THIS GRANT ALLOWS FOR THE INSTALLATION OF A BLOWER SYSTEM AND TWO DEDICATED FEED STORAGE BINS TO THE OPERATION. CURRENTLY, THERE IS NO CAPABILITY TO STORE GROUND FEED, WHICH GREATLY LIMITS THE CAPACITY TO SUPPLY PRODUCERS WITH LOCAL FEED. WHEN A CUSTOMER WANTS A GROUND FEED COMMODITY, THE PRODUCT MUST BE MOVED FROM STORAGE TO THE HAMMER MILL FOR GRINDING, AND THE GRINDING PROCESS TAKE APPROXIMATELY 6 HOURS PER LOAD BECAUSE IT MUST BE GROUND DIRECTLY INTO A WAITING TRUCK. THIS MEANS THE GRINDING PROCESS MUST BE DONE DURING AMENABLE WEATHER AND WATCHED VIRTUALLY CONTINUOUSLY, SINCE THE TRUCK MUST BE MOVED PERIODICALLY TO ENSURE A BALANCED LOAD. OVERALL, THE NATURE OF THE CURRENT SET UP LIMITS THE OPERATION S OUTPUT OF GROUND FEED. WITH THE ADDITION OF THE GROUND FEED STORAGE BINS, GRAIN COULD BE GROUND THROUGH THE HAMMER MILL IN A MORE CONTINUOUS MANNER, WITHOUT BEING AFFECTED BY WEATHER, TIME OF DAY, OR TRUCK AVAILABILITY BECAUSE IT COULD BE BLOWN DIRECTLY INTO A DEDICATED STORAGE BIN. THE STORAGE BINS WOULD BE UTILIZED FOR GROUND CORN, SOYBEANS, OR ROTATIONAL CROPS SUCH AS TRITICALE, BARLEY, WHEAT, OR OATS. THE PROJECT DIRECTLY IMPROVES THE MARKET FOR DOMESTICALLY PRODUCED LIVESTOCK FEED.MANY OPERATIONS IN THE REGIONAL AGRICULTURAL ECOSYSTEM WOULD BE KEY BENEFICIARIES OF THIS PROJECT. THE SYSTEM WOULD ENHANCE THE ABILITY TO MEET THE NEEDS OF CURRENT CUSTOMERS, WHO WILL HAVE MORE FLEXIBILITY WHEN ORDERING FEED (IN TERMS OF AN INCREASE IN AVAILABLE FEED VOLUME, A SHARP DECREASE IN LEAD TIME REQUIRED WHEN ORDERING FEED, AND LESS UNCERTAINTY DUE TO WEATHER CONSTRAINTS). ADDITIONAL BENEFICIARIES INCLUDE OTHER REGIONAL LIVESTOCK PRODUCERS, WHO WOULD HAVE A SOURCE OF ORGANIC FEED THAT WAS GROWN AND PROCESSED WITHIN 100 MILES OF THEIR FACILITY. THIS OFFERS PRODUCERS AN ADDITIONAL PURCHASING OPTION FOR DOMESTICALLY PRODUCED FEED THAT THEY WOULD NOT HAVE OTHERWISE, AND IN MANY CASES OFFERS VALUABLE TRANSPORTATION EFFICIENCY. FINALLY, THIS PROJECT WILL INCREASE THE NEED TO PURCHASE ORGANIC CORN AND SOYBEANS FROM OTHER LOCAL PRODUCERS, CONTRIBUTING TO THE ENHANCEMENT OF THE DOMESTIC ORGANIC ECONOMY. THIS PROJECT WILL BE COMPLETED WITHIN 6 MONTHS OF THE AWARD. KEY PARTNERS INCLUDE REGIONAL DAIRY AND LIVESTOCK OPERATIONS AS THE CURRENT AND FUTURE GROUND FEED CUSTOMERS, AS WELL AS OTHER ORGANIC GROWERS WHO WOULD SUPPLY NECESSARY CORN AND SOYBEANS. BOTH OF THESE PARTNER CATEGORIES ARE IMPORTANT COMPONENTS OF THE ORGANIC SUPPLY CHAIN AND THE COLLABORATIVE WORK WITH THEM ENHANCES THE DOMESTIC ORGANIC FOOD SUPPLY. THE OTHER KEY PARTNER INVOLVED WILL BE A.N. MARTIN GRAIN SYSTEMS, WHO WILL INSTALL THE NECESSARY EQUIPMENT.",2024,95173.92,100,95173.92,100,200
706,23OMDGOR0023,GRANGE COOPERATIVE SUPPLY ASSOCIATION,Grange Cooperative,"IN 2022, U.S. FARMERS PRODUCED MORE THAN 2.35 BILLION TONS OF GRAIN FEED TO SERVE DOMESTIC AND INTERNATIONAL LIVESTOCK PRODUCERS (USDA ECONOMIC RESEARCH SERVICE). STILL, LESS THAN 1% OF THE GRAIN FEED PRODUCED IN THE UNITED STATES IS ORGANIC, DESPITE STRONG AND CONSISTENT GROWTH IN U.S. DEMAND FOR ORGANIC FOOD. WITH MORE THAN 82 PERCENT OF U.S. HOUSEHOLDS BUYING ORGANIC PRODUCTS REGULARLY (ORGANIC TRADE ASSOCIATION), THE ORGANIC CENTER NOTES THAT DRIVEN BY GROWTH IN DEMAND FOR U.S. ORGANIC LIVESTOCK FEED THE U.S. HAS BECOME A SUBSTANTIAL NET IMPORTER OF ORGANIC PRODUCTS. IN FACT, U.S. IMPORTS OF GRAIN FEED HAVE STEADILY INCREASED OVER THE PAST DECADE, GROWING FROM 40 PERCENT IN THE 2011 12 CROP YEAR TO 60 PERCENT IN THE 2021 2022 CROP YEAR. THIS IS PRIMARILY DUE TO THE MAJOR BARRIERS THAT EXIST TO PRODUCING, PROCESSING, AND MARKETING ORGANIC GRAIN FEED, NAMELY HIGHER COSTS OF PRODUCTION AND LACK OF PROCESSING AND MARKETING INFRASTRUCTURE. TO MEET CURRENT U.S. CONSUMER DEMAND AND EXPAND OPPORTUNITIES TO BUILD THE U.S. ORGANIC GRAIN FEED MARKET (PROJECT PURPOSE), GRANGE COOPERATIVE WILL PERFORM THE FOLLOWING ACTIVITIES: 1) EXPAND ITS PROCESSING CAPACITY TO CREATE MORE AND BETTER MARKETS FOR ORGANIC PRODUCERS  AND 2) EXECUTE MARKETING AND PROMOTIONAL ACTIVITIES THAT WILL HELP TO BUILD COMMERCIAL MARKETS FOR U.S. ORGANIC GRAIN FEED PRODUCTS. THIS PROJECTS GOALS (DELIVERABLES AND EXPECTED OUTCOMES) INCLUDE ACHIEVING 2,000 ADDITIONAL TONS OF ORGANIC GRAIN FEED PROCESSED AND A $1,655,000 INCREASE IN DOMESTIC ORGANIC GRAIN FEED SALES BY THE END OF THE PROJECT PERIOD. KEY PARTNERS INCLUDE 100 PACIFIC NORTHWEST ORGANIC LIVESTOCK PRODUCERS (INTENDED BENEFICIARIES), FEED MARKETING LLC, AMERICAN FEED INDUSTRY ASSOCIATION, CONCENTRATES, INC, AND OREGON GRAIN AND FEED ASSOCIATION.",2024,4500000.0,90,1500000.0,89,179
704,23OMDGOH0020,GREAT LAKES NATURAL FIBERS INC,Great Lakes Natural Fibers Inc,"OUR GOAL IS TO CREATE A MARKET FOR WOOL IN THE HORTICULTURAL INDUSTRY TO REPLACE PRODUCTS CURRENTLY USED WITH MORE SUSTAINABLE, CERTIFIABLE ORGANIC PRODUCTS THAT WILL BENEFIT BOTH SHEEP AND CROP FARMERS. THE ONLY REGIONAL AGGREGATOR OF WOOL FROM SHEARING HAS STOPPED BUYING WOOL. SHEEP FARMING IN OHIO IS INCREASING, AND WITH IT, WOOL PRODUCTION. COARSE AND LOW-GRADE WOOL CAN SUBSTITUTE SOIL AMENDMENTS AND WEED SUPPRESSION MATERIALS USED IN HORTICULTURE. WOOL STORES UP TO 33 OF ITS WEIGHT IN WATER AND SLOWLY RELEASES WATER ONCE THE SURROUNDING ENVIRONMENT DROPS BELOW 65 RELATIVE HUMIDITY, IS FULLY DEGRADABLE, CONTAINS NITROGEN, CALCIUM, MAGNESIUM, IRON, SULFUR, AND OTHER MICRO NUTRIENTS. FELTED WOOL MATS CAN REPLACE PLASTIC WEED BARRIERS. THEY CAN REGULATE SOIL TEMPERATURES, PREVENT MOISTURE LOSS, ADD FERTILIZER, ACT AS A PEST BARRIER TO SLUGS AND SNAILS, AND PROVIDE EXCELLENT WEED PREVENTION. SHREDDED WOOL CAN BE MIXED WITH SEED TO BE A DELIVERY METHOD FOR HABITAT RESTORATION, LANDSCAPING AND CROP ESTABLISHMENT.SOIL AND POTTING MIXES ARE CURRENTLY AMENDED WITH PEAT, VERMICULITE, AND PERLITE TO INCREASE THE WATER-HOLDING CAPACITY AND PROVIDE AERATION. ADVERSE ECOLOGICAL TO THESE SOIL AMENDMENTS INCLUDE THE DEPLETION OF PEAT BOGS AND THE HIGH CARBON FOOTPRINT OF VERMICULITE AND PERLITE FROM TRANSPORTATION AND OVERSEAS MINING OPERATIONS. WOOL PELLETS CAN PROVIDE AERATION, HOLD MOISTURE AND ARE NATURALLY HIGH IN NITROGEN MAKING THEM THE PERFECT SLOW-RELEASE, ALL-NATURAL FERTILIZER.",2024,99190.0,100,99190.0,100,200
694,23OMDGND0015,HEALTHY OILSEEDS LLC,"Healthy Oilseeds, LLC","HEALTHY OILSEEDS IS A SMALL FAMILY-OWNED BUSINESS THAT PROCESSES FLAXSEED, HEMPSEED, BORAGE, AND OTHER MINOR OILSEEDS. WE COLD PRESS EXPEL, MILL, SIFT, AND CLEAN OILSEEDS. THE PRODUCTS THAT COME FROM PROCESSING ARE OILS AND PROTEIN, SEPARATING THE ORGANIC OIL FROM THE ORGANIC PROTEIN.WE PROCESS ORGANIC OILSEEDS 24 HOURS PER DAY, 7 DAYS PER WEEK. WE ARE NOT ABLE TO KEEP UP WITH THE DEMAND FOR ORDERS. THE GOAL IS TO INCREASE OUR OILSEED PROCESSING CAPABILITY WITH THE PURCHASE OF A 12 HEAD PRESS ADDING THAT TO THE EXISTING 16 HEAD PRESS ADDING 40 MORE PRODUCTION TO OUR FACILITY. THE EXPANSION WILL ALSO PROVIDE A LARGER ORGANIC MARKET FOR ORGANIC PRODUCERS TO HAVE ANOTHER PLACE TO SELL AND MARKET THEIR ORGANIC CROPS. THE UPPER MIDWEST IS THE KEY GROWING AREA FOR GROWING ORGANIC SPECIALTY OILSEEDS WITH HEALTHY OILSEEDS BEING IN THE UPPER MIDWEST AND BUYING DIRECTLY FROM THE PRODUCER. THERE IS GREAT DEMAND FOR HEALTHY OILSEEDS ORGANIC FLAXSEED AND HEMPSEED OIL PRODUCTS GROWN AND PROCESSED IN THE UNITED STATES AND WE HAVE PROVEN WE CAN SUPPLY THESE PRODUCTS THAT ARE CERTIFIED USDA ORGANIC AND PRIMUS FOOD SAFETY CERTIFIED. ORGANIC PRODUCERS AND ORGANIC INGREDIENT CUSTOMERS HAVE TRUST IN HEALTHY OILSEEDS COMPANY AND THE PRODUCTS WE PRODUCE. THE GRANT WILL INCREASE DOMESTIC ORGANIC OILSEED AND PROTEIN DISTRIBUTION AND CONSUMPTION. THE INCREASED PRODUCTION WILL HELP SUPPLY THE CONSUMER DEMAND AND CREATE A CLEAR MARKET CHANNEL FOR ORGANIC PRODUCTION OF OILSEEDS TO BE PROCESSED CLOSE TO WHERE THE SEEDS ARE GROWN.",2024,100000.0,98,100000.0,100,198
648,23OMDGCO0087,"HOBBS & MEYER, LLC","Hobbs & Meyer, LLC","HOBBS   MEYER, LLC DBA PUEBLO SEED   FOOD CO (PUEBLO SEED) IS A FAMILY FARM LOCATED IN SOUTHWESTERN COLORADO. WE HAVE BEEN CERTIFIED ORGANIC SINCE 2001 BY THE COLORADO DEPARTMENT OF AGRICULTURE AND SPECIALIZE IN OPEN POLLINATED VEGETABLE SEEDS, VARIETAL GARLIC AND HERITAGE GRAINS AND LEGUMES ON  30 ACRES. DURING THE COVID-19 PANDEMIC WE DESIGNED AND BEGAN PRODUCING A LINE OF 7 VALUE ADDED GRAIN PRODUCTS AND WORKING TOWARDS OPENING OUR OWN SEED AND BAKEHOUSE. IN 2021 WE PURCHASED A 5300 SQUARE FOOT COMMERCIAL BUILDING IN DOWNTOWN CORTEZ. IN 2022-2023 WE PURCHASED A FOOD GRADE SEED CLEANING LINE AND OTHER GRAIN PROCESSING EQUIPMENT FOR MAKING PRODUCTS AND PROVIDING SEED CLEANING SERVICES TO PARTNER GROWERS. DURING 2023 WE ARE INCREASING SEED OF 10 SPECIES OF DROUGHT AND HEAT TOLERANT GRAINS AND LEGUMES. THIS PROPOSAL REQUESTS $100,0000 TO INCREASE CAPACITY IN OUR FACILITY TO SCALE-UP PROCESSING AND DEVELOP NEW PRODUCTS FROM THESE CROPS FOR SEED FEED AND FOOD MARKETS. ORGANIC DROUGHT HARDY HERITAGE GRAINS AND COVER CROPS, IN PARTICULAR, ARE IN EXTREMELY SHORT SUPPLY IN THE U.S.  (HUBBARD ET AL. STATE OF ORGANIC SEED, 2022) AND WE ARE SEEKING TO BECOME A CENTRAL ORGANIC SUPPLIER OF COW PEAS, TEPARY BEANS, FINGER MILLETS, PEARL MILLETS, AMARANTHS, GRAIN SORGHUMS, CULINARY RYES, CULINARY BARLEYS, SELECT WHEATS AND FLOUR MAIZE. WE WILL UTILIZE OUR EXISTING SEED CUSTOMER LIST AND LONG-TERM RELATIONSHIPS WITH NATIONAL SEED COMPANIES TO INCREASE SEED MARKET SHARE  WE WILL WORK THROUGH FOOD HUBS, FOOD PANTRIES, AND INSTITUTIONS TO INCREASE FOOD MARKET SHARE.",2024,100000.0,100,100000.0,100,200
646,23OMDGCO0046,"HONEY ROCK, LLC",Honey Rock LLC,"IN 2022, ONE OF OUR FARMS PARTNER COMPANIES RECEIVED A CDA GRANT TO PURCHASE EQUIPMENT TO TURN ORGANIC PEACHES INTO PURE THAT COULD BE USED IN FOOD SERVICE AND PRODUCTION OF BEVERAGES AND VALUE-ADDED FOODS. THE GOAL OF THIS PROJECT WAS TO MAKE COLORADOS CELEBRATED PEACHES AVAILABLE YEAR-ROUND. AN ADDITIONAL GOAL WAS TO UPCYCLE WASTE PEACHES. TONS OF PEACHES GO TO WASTE EACH YEAR BECAUSE OF MINOR IMPERFECTIONS OR BECAUSE THEY ARE TOO RIPE TO TRAVEL THROUGH TRADITIONAL DISTRIBUTION CHANNELS. THIS SUMMER, THAT COMPANY BEGAN PURE PRODUCTION FOR RESTAURANTS, BREWERIES, AND OTHER FOOD PRODUCERS. HOWEVER, OUR FARM WANTS TO ACCOMPLISH TWO ADDITIONAL GOALS. FIRST, WE WANT TO MARKET THIS LOCAL RESOURCE YEAR-ROUND IN WAYS THAT HONOR THE GOODNESS AND FLAVOR OF THE FRUIT. SECOND, WE WANT TO CELEBRATE THIS LOCAL RESOURCE WITHIN OUR COMMUNITY, IN WAYS THAT CAN NOURISH ALL COMMUNITY MEMBERS. OUR SOLUTION IS TO PACKAGE OUR PURE IN SQUEEZE POPSICLES THAT ARE SHELF-STABLE, TO BE FROZEN ON-DEMAND. THE JOY OF A SQUEEZE POPSICLE IS A TRUE CELEBRATION OF LOCAL FLAVORS. OUR PLAN IS TO KEEP THE FRUIT CONTENT NEAR 100 . THIS MEANS THAT THESE ORGANIC POPSICLES WILL BE HEALTHFUL FOR EVERYONE. RECEIVING A GRANT FOR THE NECESSARY EQUIPMENT WILL HELP US KEEP OUR COSTS DOWN AND MAKE THESE ITEMS AFFORDABLE FOR DISTRIBUTION TO COMMUNITY SCHOOLS, HOSPITALS, AND THE FOOD BANK. WE ALSO PLAN TO MAKE GOURMET COMPANION PRODUCTS: PEACH GRANITA SQUEEZE POPSICLES AND BELLINI MIX. WE WILL SELL THESE AT HIGHER MARGINS, ENABLING US TO OFFER MORE GENERICALLY PRODUCED AND BRANDED POPSICLES AT AFFORDABLE PRICES TO LOCAL INSTITUTIONS. WE ARE SUBMITTING A SIMPLE, EQUIPMENT-ONLY GRANT FOR A POPSICLE MACHINE, PLUS OTHER SUPPORTING EQUIPMENT, TO MAKE DELICIOUS, SAFELY-PRODUCED SERVINGS OF FRUITIT IS AN HONOR TO NOURISH OUR NEIGHBORS AND FRIENDS. FEEDING THEM IN THE MOST PROSOCIAL WAY ACKNOWLEDGES THAT HONOR. THIS PRODUCT IS IN LINE WITH OUR FARMS INITIATIVES TO REDUCE FOOD WASTE BY UPCYCLING PEACHES ADOPT THE MOST EARTH-FRIENDLY PRACTICES LEVEL OUT OUR FARMS WORKING HOURS BY ADDING OFF-SEASON WORK SOLVE LOCAL PRODUCTION AND STORAGE PROBLEMS THAT KEEP LOCAL INSTITUTIONS FROM SERVING MORE LOCAL FRUIT AND BRING GREATER AWARENESS TO AND APPRECIATION OF LOCAL AGRICULTURAL RESOURCES. ONE OF OUR FARMS KEY PERFORMANCE INDICATORS (KPIS) IS THE NUMBER OF PEOPLE WHO EXPERIENCE OUR FARM AND WHO HEAR EVEN A BIT ABOUT OUR FARMS MISSION AND VALUES. BY OFFERING THESE PRODUCTS, WE HOPE TO SPREAD THE WORD ABOUT ALL THE GOOD WORK SMALL FARMERS ARE DOING AND EXPAND OUR FARMS NETWORK OF NEIGHBORS AND FRIENDS EVEN WIDER.",2024,99597.0,97,99597.0,100,197
657,23OMDGHI0049,ISLAND HARVEST INC.,Island Harvest Inc,"THE 2023 BIG ISLAND ORGANIC PACKAGING PROJECT WILL INCREASE THE PACKAGING CAPACITY OF ORGANIC PRODUCERS OF MACADAMIA NUTS AND OTHER ORGANIC AGRICULTURAL PRODUCTS IN HAWAII. THE MAIN TASK OF THE PROJECT IS TO PURCHASE AND INSTALL AN AUTOMATED PACKAGING SYSTEM WITH THE CAPACITY TO PACK UP TO 1800 POUCHES OF ORGANIC MACADAMIA NUTS PER HOUR. CURRENTLY, THERE ARE LIMITED AND INEFFICIENT OPTIONS FOR ORGANIC PRODUCERS TO PACKAGE THEIR PRODUCTS, AND THE INSTALLATION OF PACKAGING EQUIPMENT WILL HELP TO ALLEVIATE THIS BOTTLENECK ALLOWING FOR THE GROWTH OF THE MARKET FOR ORGANIC AGRICULTURAL PRODUCTS. THE INCREASED CAPACITY OF PACKAGING WILL ALLOW HAWAII S ORGANIC PRODUCERS COMPETE WITH NON-ORGANIC CONSUMER PACKAGED GOODS IN ONLINE AND IN-STORE OUTLETS THROUGHOUT HAWAII AND THE UNITED STATES. THIS WILL IMPROVE THE AVAILABILITY OF ORGANIC PRODUCTS TO CONSUMERS AND REDUCE THE COST FOR HAWAII S ORGANIC PRODUCERS TO BRING THEIR PRODUCT TO MARKET.",2024,341790.0,100,94750.0,67,200
712,23OMDGPA0098,"JONESTOWN FARM ENTERPRISES, LLC","JONESTOWN FARM ENTERPRISES, LLC","THE PROPOSED PROJECT PRESENTS A TRANSFORMATIVE VISION FOR SOUTHEASTERN NORTH CAROLINA S AGRICULTURAL LANDSCAPE THROUGH THE CREATION OF A SHARED-SERVICES FARMGATE-TO-MARKET CHANNEL MARKETING SYSTEM. THIS INNOVATIVE INITIATIVE IS DESIGNED TO ADDRESS MULTIFACETED NEEDS, FOSTERING INCLUSIVE ECONOMIC GROWTH AND SUSTAINABLE, CLIMATE-SMART FARMING PRACTICES. BY TARGETING SMALL, BEGINNING, DISADVANTAGED, AND BIPOC (BLACK, INDIGENOUS, AND PEOPLE OF COLOR) FARMERS, THE PROJECT ASPIRES TO EMPOWER MARGINALIZED COMMUNITIES, CATALYZE ECONOMIC DEVELOPMENT, AND ADVANCE THE ADOPTION OF ENVIRONMENTALLY CONSCIOUS AGRICULTURAL METHODS.THE PROJECT S GEOGRAPHICAL FOCUS IS WITHIN A 150-MILE RADIUS OF WALLACE, NC, A REGION MARKED BY ITS HISTORICAL ECONOMIC CHALLENGES AND A SIGNIFICANT POPULATION OF UNDERSERVED COMMUNITIES. THIS ENDEAVOR SEEKS TO LEVERAGE ORGANIC FARMING TO ADDRESS THESE ISSUES, WITH A SPOTLIGHT ON RARE AND LIMITED-AVAILABILITY ORGANIC CROPS THAT CAN THRIVE IN SOUTHEASTERN NORTH CAROLINA S CLIMATE. KEY CROPS INCLUDE ORGANIC SPECIALTY BEANS, SUCH AS RUNNER BEANS AND BLACK-EYED PEAS, ORGANIC SPECIALTY PEPPERS LIKE SHISHITO AND PIMIENTO PEPPERS, AND ORGANIC HERBS LIKE CILANTRO AND OREGANO.TO FOSTER ORGANIC AGRICULTURAL MARKET DEVELOPMENT, THE PROJECT ENVISIONS A SHARED-SERVICES MODEL THAT COORDINATES FARMGATE PRODUCTION, TRANSPORTATION, MARKETING, AND BUSINESS PROCESSES. BY PROVIDING COLLECTIVE ACCESS TO RESOURCES AND EXPERTISE, THE PROJECT AIMS TO STREAMLINE OPERATIONS, ENHANCE EFFICIENCY, AND ULTIMATELY EMPOWER FARMERS TO ACCESS BROADER MARKETS, THEREBY INCREASING SALES AND PROFITABILITY. CLEAR MARKET CHANNELS WILL BE ESTABLISHED THROUGH THE FARMGATE-TO-MARKET CHANNEL MARKETING SYSTEM, ELIMINATING INTERMEDIARIES AND REDUCING TRANSACTION COSTS FOR ORGANIC FARMERS, WHO WILL ALSO BENEFIT FROM TRAINING WORKSHOPS, MARKETING SUPPORT, AND ACCESS TO CSA PROGRAMS.THE PROJECT S IMPACT IS FAR-REACHING. IT ANTICIPATES SERVING A MINIMUM OF 250 SMALL, DISADVANTAGED, AND BIPOC FARMERS DIRECTLY, WITH POTENTIAL SPILLOVER EFFECTS BENEFITING A LARGER NUMBER OF UNDERSERVED COMMUNITIES. THE INITIATIVE S COMMITMENT TO SOCIAL EQUITY ALIGNS WITH THE JUSTICE40 INITIATIVE, ADDRESSING ENVIRONMENTAL AND SOCIO-ECONOMIC DISPARITIES.TO MEASURE SUCCESS, THE PROJECT RELIES ON OUTCOME INDICATORS SUCH AS NEW ORGANIC PRODUCTS ENTERING THE MARKET, INCREASED CROP SALES, REDUCED TRANSPORTATION COSTS, AND ENHANCED PARTICIPATION OF HISTORICALLY UNDERSERVED FARMERS. ONGOING FEEDBACK COLLECTION ENSURES ADAPTIVE MANAGEMENT, WITH A FOCUS ON ADDRESSING IDENTIFIED BARRIERS AND ENHANCING CUSTOMER SATISFACTION.CRUCIALLY, THE PROJECT S BUDGET IS JUDICIOUSLY ALLOCATED TO SUPPORT ITS OBJECTIVES, FROM INFRASTRUCTURE DEVELOPMENT TO TRAINING WORKSHOPS. CRITICAL RESOURCES ARE LEVERAGED THROUGH COLLABORATIONS WITH LOCAL PARTNERS, AGRICULTURAL EXTENSION OFFICES, AND COMMUNITY ORGANIZATIONS, ENSURING A SMOOTH IMPLEMENTATION PROCESS.IN CONCLUSION, THE PROPOSED SHARED-SERVICES FARMGATE-TO-MARKET CHANNEL MARKETING INITIATIVE HOLDS THE PROMISE OF TRANSFORMATIVE CHANGE FOR SOUTHEASTERN NORTH CAROLINA. THROUGH FOCUSED SUPPORT FOR ORGANIC FARMING, TARGETED MARKET DEVELOPMENT, AND EQUITABLE ENGAGEMENT, THE PROJECT AIMS TO FOSTER LASTING ECONOMIC GROWTH, REDUCE POVERTY, AND PROMOTE SUSTAINABLE PRACTICES. BY FORGING MEANINGFUL COLLABORATIONS AND MAXIMIZING REVENUE STREAMS FROM ORGANIC PRODUCT SALES, THE INITIATIVE IS POISED TO SUSTAIN ITS IMPACT WELL BEYOND ITS INITIAL PERIOD OF PERFORMANCE, OFFERING A BEACON OF HOPE AND OPPORTUNITY FOR THE REGION S UNDERSERVED COMMUNITIES.",2024,1347667.4,100,2738467.4,67,200
650,23OMDGDC0024,LS WHOLESALE LLC,LS Wholesale LLC,"LITTLE SESAME WILL EXPAND THE DOMESTIC CERTIFIED ORGANIC CHICKPEA MARKET BY INCREASING AGGREGATION, PROCESSING, AND DISTRIBUTION OF ITS CONSUMER-PACKAGED LINE OF HUMMUS WHILE SIMULTANEOUSLY GROWING CONSUMER DEMAND THROUGH ENHANCED SALES AND MARKETING CAPACITY. OVER THE PAST SEVERAL YEARS, DROUGHTS, FLOODING, AND WAR IN TOP CHICKPEA-PRODUCING COUNTRIES HAS LED TO AN INCREASED MARKET DEMAND FOR DOMESTICALLY-GROWN CHICKPEAS. THAT PAIRED WITH A GROWING INTEREST IN PLANT-BASED FOODS THAT RELY ON CHICKPEAS AND OTHER LEGUMES CREATES A UNIQUE OPPORTUNITY FOR ORGANIC CHICKPEA PRODUCERS IN THE UNITED STATES. AND YET, THE MARKET REMAINS UNDERDEVELOPED. NORTHERN PLAINS FARMERS IN THE U.S. HAVE DIFFICULTY FINDING DIRECT SALES RELATIONSHIPS FOR CHICKPEAS, A CROP ABUNDANTLY GROWN IN ROTATION WITH WHEAT DUE TO ITS SOIL-BUILDING PROPERTIES. BY ACHIEVING SQF CERTIFICATION, INVESTING IN MANUFACTURING IMPROVEMENTS, AND IMPLEMENTING A SHOPPER, TRADE AND FIELD MARKETING PROGRAM, LITTLE SESAME WILL LEVERAGE MARKET DEMAND AND CREATE A MUCH-NEEDED DIRECT MARKET FOR 10 DOMESTIC CHICKPEA FARMERS, PURCHASING 800,000 POUNDS OF CHICKPEAS ANNUALLY ACROSS 2,000 PRODUCTION ACRES. MARKETING EFFORTS TARGETED AT DISTRIBUTORS, RETAILERS, GROCERY STORES, AND HOUSEHOLD CONSUMERS WILL HIGHLIGHT THE VALUE OF CHOOSING PRODUCTS SOURCED FROM DOMESTICALLY GROWN CERTIFIED ORGANIC CHICKPEA GROWERS AND BRING INCREASED OPPORTUNITIES FOR CERTIFIED ORGANIC PRODUCERS FOR YEARS TO COME.",2024,4421110.0,100,2170610.0,67,200
651,23OMDGDC0026,LATINO FARMERS ASSOCIATION,Latino Farmers Association,"THE LATINO FARMERS ASSOCIATIONS PROJECT AIMS TO FOSTER EQUITABLE PARTICIPATION IN THE ORGANIC MARKETPLACE FOR HISTORICALLY UNDERSERVED AND SOCIALLY DISADVANTAGED FARMERS AND RANCHERS, VETERANS AND BEGINNING FARMERS, WITH A CONCERTED EFFORT TO COMBAT FOOD DESERTS IN THE DISTRICT OF COLUMBIA, MARYLAND AND VIRGINIA. TO DO SO, LFA WILL PURSUE FOUR KEY OBJECTIVES. FIRSTLY, LFA WILL EXPAND THE ORGANIC VENDOR CAPACITY OF THE VAN NESS FARMERS MARKET IN THE DISTRICT OF COLUMBIA BY FACILITATING A TRANSITION TO AN EXCLUSIVELY ORGANIC MARKET AND OBTAINING ORGANIC CERTIFICATIONS FOR ITS VENDORS VIA PARTNERSHIPS WITH TOPP PCO AND OTA. SECONDLY, LFA WILL OPEN AND OPERATE THREE ORGANIC MARKETS IN THE DISTRICTS HEALTHY FOOD PRIORITY AREAS IN WARDS 7, 8 AND 5 AND AN ORGANIC MARKET IN THE UNDERSERVED COMMUNITY OF CLEVELAND, VIRGINIA. IN ADDITION TO BENEFITING HISTORICALLY UNDERSERVED PRODUCERS AND FACILITATING MARKET DEVELOPMENT FOR DOMESTIC ORGANIC PRODUCE, THIS PROJECT WILL ADDRESS FOOD DISPARITY AND PROVIDE ACCESS TO HEALTHY NUTRITION TO HISTORICALLY UNDERSERVED AND SOCIALLY DISADVANTAGED COMMUNITIES IN THE DISTRICT OF COLUMBIA AND ECONOMICALLY DISADVANTAGED COMMUNITIES IN RUSSELL COUNTY, VA.THIRDLY, THE ASSOCIATION WILL DEVELOP A SCALABLE CSA PRODUCER-TO-CONSUMER SYSTEM SUPPORTED BY A VIRTUAL MARKETPLACE, WHICH WILL CONNECT MARKET VENDORS WITH INDIVIDUAL AND INSTITUTIONAL CONSUMERS. TO ENHANCE VISIBILITY AND RECOGNITION, A COHESIVE BRAND FOR ALL PARTICIPATING ORGANIC AND TRANSITIONING VENDORS WILL BE DEVELOPED AND PROMOTED. TO BROADEN ACCESSIBILITY, LOCAL DELIVERY SERVICES, PROVIDED BY NEAR, A LOCAL COMPANY, WILL BE INTEGRATED INTO THE MARKETPLACE, ALLOWING LFA TO REACH A WIDER RANGE OF CONSUMERS. INTEGRAL TO THIS STRATEGY IS BUILDING STRONG RELATIONSHIPS WITH INSTITUTIONAL BUYERS, ORGANIC DISTRIBUTORS, SMALLER GROCERY STORES, AND FOOD CO-OPS. LEVERAGING THE STRENGTHS OF EXISTING STAKEHOLDERS, LFA WILL FORGE STRATEGIC PARTNERSHIPS WITH LOCAL FOOD HUBS, MARKETS, AND OTHER KEY PLAYERS IN THE INDUSTRY.FINALLY, LFA WILL ADVANCE SUSTAINABLE DISTRIBUTION OF ORGANIC PRODUCE THROUGH THE DEVELOPMENT OF A HUB AND SPOKE TRANSPORT AND DISTRIBUTION SYSTEM SUPPORTED BY THE PURCHASE OF DELIVERY VEHICLES. THIS INITIATIVE WILL EMPOWER LFA TO EFFICIENTLY COLLECT ORGANIC PRODUCE FROM NUMEROUS SMALL FARMS WITHIN THE REGION, ALLEVIATING THE NEED FOR ECONOMICALLY CHALLENGED PRODUCERS TO MAKE INDIVIDUAL TRIPS TO SELL THEIR PRODUCTS. THIS INITIATIVE WILL ALSO OPEN DOORS FOR FARMERS WITHOUT TRANSPORTATION ACCESS TO ENTER THE ORGANIC MARKETS. THE INCLUSION OF DELIVERY VEHICLES WILL HELP OPTIMIZE DISTRIBUTION, ENABLING LFA TO SEAMLESSLY DELIVER PRODUCTS FROM SMALL FARMERS TO LOCAL INSTITUTIONS, FOOD HUBS, AND GROCERY STORES.LFAS MODEL IS BASED ON ACTIVE PARTICIPATION OF PROJECT BENEFICIARIES THROUGH VARIOUS STAGES OF PROJECT IMPLEMENTATION. LFA WILL RECRUIT, UPSKILL AND EMPLOY A ROSTER OF ASSISTANT MARKET MANAGERS, LOGISTICS COORDINATORS, AND OUTREACH COORDINATORS FROM OUR CONSTITUENT PRODUCER COMMUNITY. LFAS KEY PARTNER, THE CONCEPTIUM GROUP, SPECIALIZING IN COMPREHENSIVE FIELD-BASED SERVICES WILL PROVIDE MARKET OPERATION, BUSINESS DEVELOPMENT, AND TECHNICAL SUPPORT. AN EXPERIENCED TEAM OF INDUSTRIAL PSYCHOLOGISTS, ACTION POTENTIAL, WITH EXTENSIVE EXPERIENCE IN DESIGNING AND EXECUTING DATA COLLECTION STUDIES WILL PROVIDE PROGRAM EVALUATION AND DATA ANALYSIS. LFA S COLLABORATORS, APPALACHIA AGRICULTURAL FOUNDATION AND WEROANCE HEART, WILL FACILITATE THE NECESSARY WORKSPACE FOR THE PROJECT, INCLUDING OFFICE AND CONFERENCE ROOMS, A MARKETPLACE, AND A WAREHOUSE. WORKING CLOSELY WITH THE PROJECT S INTENDED BENEFICIARIES AND KEY STAKEHOLDERS IN THE ORGANIC INDUSTRY, LFA IS WELL-POSITIONED TO ACHIEVE SUCCESS IN FOSTERING EQUITABLE PARTICIPATION FOR HISTORICALLY UNDERSERVED FARMERS AND DISADVANTAGED COMMUNITIES IN THE ORGANIC MARKETPLACE.",2024,3651384.25,100,95173.92,56,200
656,23OMDGGA0089,"LOVE IS LOVE COOPERATIVE FARM, INC.",Love is Love Cooperative Farm,"LOVE IS LOVE COOPERATIVE FARM AIMS TO INCREASE ACCESS OF CERTIFIED ORGANIC TRANSPLANTS TO CERTIFIED ORGANIC AND PRACTICING FARMERS IN THE GEORGIA PIEDMONT REGION. WE INTEND TO INCREASE OUR SEEDLING PROCESSING CAPACITY BY INVESTING IN EQUIPMENT THAT WILL INCREASE THE NUMBER OF TRANSPLANTS WE CAN SUPPLY WHILE ALSO REDUCING LABOR COST ASSOCIATED WITH MAINTAINING THE TRANSPLANTS. HIGH QUALITY ORGANIC TRANSPLANTS ARE ESSENTIAL FOR ORGANIC VEGETABLE PRODUCERS BUSINESS. HEALTHY TRANSPLANTS PRODUCE CONSISTENT HARVESTS WITH LOWER PEST AND DISEASE PRESSURE. TRANSPLANTS SPEND LESS TIME IN THE FIELD BEFORE THEYRE HARVESTED COMPARED TO DIRECT SEEDED CROPS. THIS TIME SAVINGS REDUCES MAINTENANCE COSTS FOR FARMERS, AND CREATES THE OPPORTUNITY FOR MORE COVER CROPS, OR ADDITIONAL CROP SUCCESSIONS. ULTIMATELY, USING TRANSPLANTS HELPS ENSURE A HEALTHY BOTTOM LINE FOR ORGANIC VEGETABLE FARMERS. WE BEGAN EXPLORING WHOLESALE TRANSPLANTS IN 2022 WITH FOODWELL ALLIANCE AND A FEW FARMERS AFTER THE REGIONAL SUPPLIER MANY SOUTHEASTERN GROWERS RELIED UPON WAS BOUGHT BY A LARGER COMPANY LEADING TO A DECLINE IN THE QUALITY AND CONSISTENCY OF THEIR PRODUCTS. IN SPRING 2023 WE TRIPLED OUR SPRING SALES GOAL AND HAD ADDITIONAL FARMERS APPROACH US WITH THEIR INTEREST IN BUYING FALL TRANSPLANTS FROM LOVE IS LOVE. THERE IS A CLEAR AND GROWING DEMAND FOR CERTIFIED ORGANIC SEEDLINGS AMONG ORGANIC FARMERS AND THE ORGANIZATIONS THAT SUPPORT THEM. OUR EQUIPMENT NEEDS INCLUDE A POT FILLING MACHINE TO FILL TRAYS AND PREP THEM FOR SEEDING FASTER, AND WITH LESS LABOR THAN OUR CURRENT HAND METHOD. PURCHASING AN ADDITIONAL VACUUM SEEDER IS NECESSARY TO ACCOMMODATE MORE TRAYS, AND ADDITIONAL GREENHOUSE BENCHES AND CARTS ARE REQUIRED TO MANAGE THE HIGHER VOLUME OF TRANSPLANTS. INCREASED VOLUME OF TRANSPLANTS REQUIRES A FRONT-END LOADER AND WAGON TO MOVE PALLETS OF MEDIA AND MOVE AND LOAD THE PRODUCT. THIS EQUIPMENT HELPS US FILL THE GAP IN ORGANIC TRANSPLANTS FOR OUR REGIONAL ORGANIC VEGETABLE FARMERS, AND IT ENSURES WE CAN SUPPLY THE MARKET WITH HIGH QUALITY, AFFORDABLE TRANSPLANTS FOR THE FORESEEABLE FUTURE. THROUGH THIS OMDG PROJECT TO INCREASE OUTPUT OF HIGH QUALITY, CERTIFIED ORGANIC SEEDLINGS, LOVE IS LOVE WILL BE POSITIONED TO SUPPORT THE PROFITABILITY OF ORGANIC FARMS THROUGHOUT OUR REGION.",2024,67367.46,95,67367.46,100,195
681,23OMDGMI0081,"MAPLE DRIVE FARMS, LLC","MAPLE DRIVE FARMS, LLC","PROJECT PURPOSE:  ACQUIRE EQUIPMENT TO EXPAND CAPACITY OF OUR GLUTEN-FREE GRAIN CLEANING FACILITY LOCATED IN SOURTHERN MICHIGAN, ESPECIALLY TO INCREASE SUBSTANTIALLY OUR CAPACITY TO CLEAN AND DEHULL ORGANIC BUCKWHEAT AND OTHER GLUTEN FREE GRAINS.ACTIVITIES TO BE PERFORMED:  THE GRANT FUNDS WILL BE USED TO ACQUIRE GRAIN CLEANING AND PROCESSING EQUIPMENT, SPECIFICALLY A SECOND DEHULLER, A SEPARATOR, A BUCKET ELEVATOR, TEN HOPPER BOTTOM BINS, A WELDED STEEL AERATED GRAIN BIN, PNEUMATIC CONVEYING EQUIPMENT, AND UPGRADED DOWNSPOUTS AND GRAIN VALVES.DELIVERABLES AND EXPECTED OUTCOMES:  WE WILL PURCHASE AND INSTALL THE EQUIPMENT WITHIN THREE MONTHS AFTER RECEIVING THE GRANT.  THE ADDITIONAL EQUIPMENT SHOULD ALLOW US TO AT LEAST DOUBLE OUR ORGANIC BUCKWHEAT DEHULLING CAPACITY FROM 50,000 POUNDS YEAR TO AT LEAST 100,000 POUNDS YEAR, WITHOUT A LOSS IN QUALITY.  THE CAPACITY EXPANSION WILL ALSO FACILITATE PROCESSING OTHER ORGANIC GLUTEN FREE GRAINS, SUCH AS ORGANIC OATS, SOYBEANS, CORN, AND POPCORN.PROJECT BENEFICIARIES:  ORGANIC GLUTEN-FREE GRAIN GROWERS AND DOWNSTREAM PROCESSORS.  TO THE BEST OF OUR KNOWLEDGE, WE ARE THE ONLY CERTIFIED ORGANIC, 100% GLUTEN-FREE GRAIN CLEANER IN THE MIDWEST.  WE HAVE RECEIVED GRAIN CLEANING REQUESTS FROM GLUTEN-FREE GROWERS AND PROCESSORS AS FAR AWAY AS CALIFORNIA  HOWEVER, WE SIMPLY DO NOT HAVE THE CAPACITY TO HANDLE ALL GROWER AND DISTRIBUTOR INQUIRIES.KEY PARTNERS:  OUR BIGGEST CUSTOMER IS EDEN FOODS, A MANUFACTURER AND DISTRIBUTOR OF ORGANIC FOODS BASED IN MICHIGAN.  EDEN FOODS HAS INDICATED IT MIGHT HIRE US TO DEHULL AS MUCH AS 250,000 POUNDS OF BUCKWHEAT ANNUALLY.   OJECT BENECIARIES    AND A SECOND COLOR SORTER, MERIDIAN  CRITICALLY NEEDED P  WE ARE A CERTIFIED ORGANIC PROCESSOR HANDLER.  WE NOW CLEAN AND DEHULL BUCKWHEAT AND MILLET.  WE ALSO CLEAN TEFF, OATS AND SOYBEANS.  WE HAVE BEEN APPROACHED TO CLEAN POPCORN AND TREFOIL.",2024,125000.0,100,2054000.0,82,200
555,23FMPPME1190,MAINE ORGANIC FARMERS AND GARDENERS ASSOCIATION,Maine Organic Farmers and Gardeners Association,"THE MAINE ORGANIC FARMERS AND GARDENERS ASSOCIATION S (MOFGA S) PROJECT PROPOSES THE DEVELOPMENT OF THREE STUDIES (ECONOMIC IMPACT REPORT, AUDIENCE AUDIT, ORGANIC LANGUAGE ASSESSMENT) AND THREE MARKETING CAMPAIGNS (FARMER SUPPORT, BUYER TRAINING, CONSUMER AWARENESS). THE STUDIES AND MARKETING CAMPAIGNS WILL BE INFORMED BY THE INTENDED AUDIENCES AND WILL BROADEN MARKETS AND RESOURCES FOR MAINE FARMERS AS WELL AS EXPAND BUYER AND CONSUMER KNOWLEDGE AND AWARENESS ABOUT THE IMPORTANCE OF LOCAL PRODUCTS. THESE ACTIVITIES WILL BENEFIT FARMERS, BUYERS, CONSUMERS AND STAKEHOLDERS SERVING THOSE WHO EXPERIENCE FOOD INSECURITY. THE ECONOMIC IMPACT REPORT WILL ESTABLISH FINANCIAL BENCHMARKS, WHICH WILL HELP FARMERS ASSESS THEIR OPERATIONS AND STRATEGIZE FOR BROADER MARKET ACCESS. THE REPORT WILL ALSO INFORM A FARMER SUPPORT CAMPAIGN BY PROVIDING FARMERS WITH FINDINGS AND TOOLS TO SELL MORE ORGANIC PRODUCTS LOCALLY. USING DATA FROM THE PROPOSED AUDIENCE AUDIT AND LANGUAGE ASSESSMENT STUDIES, TWO ADDITIONAL MARKETING CAMPAIGNS WILL BE DEVELOPED: 1) BUYER TRAINING 2) CONSUMER AWARENESS TO SHIFT UNDERSTANDING AND PURCHASING HABITS OF MAINE ORGANIC PRODUCTS, REDUCE CONFUSION AROUND LABELING, AND ULTIMATELY INCREASE THE CONSUMPTION OF MAINE ORGANIC PRODUCTS. PARTNERS WILL INCLUDE FARMSMART, ROSE WILSON CONSULTING, THE MAINE FEDERATION OF FARMERS MARKETS AND GOOD SHEPHERD FOOD BANK . AS A RESULT OF THESE STUDIES AND CAMPAIGNS, 101 COMMUNITY STAKEHOLDERS WILL GAIN TECHNICAL KNOWLEDGE ABOUT LOCAL FOODS, 800 PRODUCERS WILL GAIN KNOWLEDGE ABOUT NEW MARKET OPPORTUNITIES, AND 38,010 CONSUMERS WILL GAIN KNOWLEDGE ABOUT LOCAL AGRICULTURAL PRODUCTS.",2023,127529.29,100,97509.26,59,200
727,23OMDGWA0006,MAINSTEM MALT SPC,Mainstem Malt SPC,"THROUGH THIS PROJECT, MAINSTEM MALT WILL LAUNCH A NEW CERTIFIED ORGANIC MALT LINE THAT COORDINATES AN ECOLOGICALLY-RESPONSIBLE GRAIN VALUE CHAIN FROM FARMER TO BUYER. AS THE WORLDS FIRST CERTIFIED B CORP MALT COMPANY SOURCING EXCLUSIVELY FROM SALMON-SAFE CERTIFIED FARMERS, WE CAME TO MARKET IN 2017 TO PROVIDE REGIONAL PRODUCERS WITH A PREMIUM MARKET FOR GRAINS BEING GROWN WITH EXCEPTIONAL WATER QUALITY AND HABITAT CONSERVATION PRACTICES. SINCE OUR FOUNDING, WE HAVE PURCHASED OVER FIVE MILLION POUNDS OF DOMESTICALLY GROWN NORTHWEST GRAIN ALL WHILE RETAINING ELEVATED TRANSPARENCY THROUGHOUT THE GRAIN VALUE-CHAIN AND SIMULTANEOUSLY DEVELOPING THE MARKET FOR DOMESTIC MALT.NOW, MAINSTEM MALT AIMS TO BUILD UPON THIS SUCCESSFUL MODEL TO DEVELOP EXPANDED MARKETS FOR CERTIFIED ORGANIC GRAIN PRODUCERS IN THE CASCADIA REGION. TOGETHER WITH A DIVERSE SET OF PARTNERS, WE WILL INCREASE DOMESTIC ORGANIC SUPPLY CHAIN CAPACITY FOR ORGANIC BARLEY. WE WILL DO THIS BY EXPANDING OUR EXPERT STAFF CAPACITY, BUILDING AND MAINTAINING RELATIONSHIPS WITH CERTIFIED ORGANIC GROWERS AND PROCESSORS, ESTABLISHING NEW MARKETS FOR ORGANIC MALT, AND DEVELOPING AND EXECUTING A MARKETING PLAN THAT DIFFERENTIATES OUR ORGANIC, REGIONALLY-GROWN AND PRODUCED MALT TO BOTH BUYERS AND END CONSUMERS. WE HAVE COMMITMENTS FROM CERTIFIED ORGANIC AND TRANSITIONING-TO-ORGANIC GROWERS WHO RECOGNIZE THE VALUE OF BARLEY WITHIN A FEED GRAIN ROTATION AND ARE SEEKING HIGH-END MARKETS FOR THEIR CROPS AS WELL AS LONG-STANDING RELATIONSHIPS WITH CERTIFIED ORGANIC CRAFT BEVERAGE MAKERS. PAIRED WITH A GROWING DEMAND FOR ORGANIC IN THE CRAFT BEVERAGE SECTOR, WE ARE EAGER TO BUILD OUT THIS IMPORTANT REGIONAL MARKET.",2024,1862151.0,100,1166250.0,67,200
685,23OMDGMO0064,MCKASKLE FAMILY FARM LLC,McKaskle Family Farm LLC,"MCKASKLE FAMILY FARM LLC IS AN ORGANIC PROCESSING AND ORGANIC FARMING ENTITY LOCATED IN PEMISCOT COUNTY, MO. THE MCKASKLE FAMILY FARM ORGANIC PROCESSING EXPANSION PROJECT WILL INSTALL GRAIN MILLING EQUIPMENT TO PRODUCE ORGANIC POPCORN CORN MEAL AND ORGANIC RICE FLOUR. THIS EQUIPMENT WILL DOUBLE THE CAPACITY OF ORGANIC POPCORN MEAL AND ORGANIC RICE FLOUR PROCESSING AT MCKASKLE FAMILY FARM. THIS EQUIPMENT WILL INCREASE THE OVERALL INCOME AND PROFITABILITY OF MCKASKLE FAMILY FARM.",2024,100000.0,100,100000.0,100,200
654,23OMDGFL0027,NEW UNIVERSE FOOD LLC,New Universe Food,"NESTLED IN THE HEART OF RURAL LIVE OAK, FLORIDA, NEW UNIVERSE FOOD IS ON A MISSION TO BRING THE POWER OF ORGANIC FOOD TO COMMUNITIES NEAR AND FAR. BEGINNING HERE IN OUR PREDOMINANTLY AGRICULTURAL COUNTY, WHICH CONTAINS FOOD DESERTS, WE SEE THE BLARING NEED FOR ORGANIC, HEALTHY PRODUCTS FOR OUR NEIGHBORS AND ARE STRIVING TO DELIVER THIS. AS A CERTIFIED ORGANIC MANUFACTURER OPERATED MAINLY BY ASIAN EMPLOYEES, WE SOURCE ORGANIC PRODUCE FROM LOCAL AND OUT OF STATE ORGANIC GROWERS AND VENDORS ALONG WITH OUR SISTER COMPANY EASE LAND ORGANIC FARM, A CERTIFIED ORGANIC FARM, WHICH IS WHERE THE NEW UNIVERSE FOOD MANUFACTURING FACILITY IS LOCATED.NEW UNIVERSE FOOD HOPES TO SHARE THE BENEFITS OF ORGANIC WHOLE FOODS SUCH AS SPICES, TEAS, JAMS, AND MIXES. ONE OF OUR KEY PRODUCTS IS SELF-BALANCING FOOD: A CONVENIENT, NUTRIENT-RICH SUPPLEMENT BLENDED FROM THE POWDERS OF ORGANIC VEGETABLES AND GRAINS SOURCED FROM ORGANIC FARMS AND VENDORS IN THE UNITED STATES. WE AIM TO SERVE AFFORDABLE, NUTRITIOUS, FAST AND CONVENIENT ORGANIC OPTIONS. OUR GOAL IS TO ENSURE THAT ORGANIC PRODUCTS REACH CONSUMERS IN THEIR FRESHEST, MOST NATURAL STATE. THE PURPOSE OF ACQUIRING A REFRIGERATED VAN ALLOWS US TO FULFILL OUR PROMISE OF DELIVERING FRESH, HIGH-QUALITY ORGANIC PRODUCTS, AND WILL ALSO ENABLE US TO REACH A LARGER CUSTOMER BASE. IN TURN, IT WILL ASSIST IN ENHANCING CUSTOMER SATISFACTION. WITH THIS VAN, WE WILL BE ABLE TO EXPAND OUR MARKET REACH AND PROMOTE ORGANIC PRODUCTS BY TRAVELING TO AND SERVING AT FARMERS MARKETS, A RANGE OF FOOD EXPOS, COMMUNITY BAZAARS AND FAIRS. THIS WILL ENABLE US TO MEET AND GREET PEOPLE TO HELP EDUCATE AND CHANGE PERCEPTIONS ABOUT ORGANIC FOODS. WE CAN ALSO EXPLAIN THE BENEFITS OF ORGANIC FOODS AND ITS POWER TO FUEL THE BODY. THE VAN WILL ALSO BE USED FOR PICKING UP ORGANIC FRUITS, VEGETABLES AND GRAINS FROM OTHER FARMS AND VENDORS TO PROCESS AT THE FACTORY AND TO DELIVER TO MARKETS.TASKS THAT NEED TO BE PERFORMED IN THIS VEHICLE ACQUISITION AND DELIVERABLES INCLUDE, PURCHASE OF A NEW DELIVERY VAN FROM MERCEDES BENZ AND REFRIGERATION INSTALLATION THROUGH THERMO KING.THE EXPECTED OUTCOME OF PURCHASING A REFRIGERATED DELIVERY VAN INCLUDES THE FOLLOWING:-EXTENDING TIME TO MARKET.-INCREASING THE VOLUME AND TYPES OF ORGANIC PRODUCTS THAT ARE TRANSPORTED.-INCREASING OUR ACCESS AND SALES TO MORE DIVERSIFIED AND LARGER ORGANIC MARKETS.-ENSURING FOOD SAFETY AND FRESHNESS.-DELIVERING A MORE DIVERSE SELECTION OF PRODUCTS TO OUR CUSTOMERS.-INCREASING THE NUMBER OF SOURCED PRODUCE AND INGREDIENTS FROM OTHER ORGANIC FARMERS, HANDLERS, AND PROCESSORS.AN ADDITIONAL GOAL IS TO PROVIDE ORGANIC OPTIONS TO UNDER-SERVED COMMUNITIES. IN OUR MARKET RESEARCH, WE FOUND THAT THERE ARE CURRENTLY 23.5 MILLION PEOPLE LIVING IN FOOD DESERTS. THESE AREAS INCLUDE SMALL AND MEDIUM SIZED MARKETS THAT ARE UNABLE TO CARRY ORGANIC PRODUCTS AND PRODUCE DUE TO LIMITED TRANSPORTATION, BUT THEY ARE WILLING TO CARRY ORGANIC PRODUCTS BECAUSE OF THEIR OWN PASSION FOR ORGANIC FOODS. WITHIN ONE YEAR, WE PROJECT A 30 SALES INCREASE BY EXPANDING OUR TERRITORY TO SERVE THESE FOOD DESERTS ALONG WITH OUR CURRENT AND POTENTIAL NEW MARKETS. WE BELIEVE SERVING THESE COMMUNITIES IS A BIG RESPONSIBILITY AND CAN POSITIVELY AFFECT THE HEALTH AND LIVES OF THOSE IN NEED. ACCORDING TO THE NATIONAL INSTITUTE FOR HEALTH, IF YOU LIVE IN A FOOD DESERT, YOU HAVE A HIGHER RISK OF CARDIOVASCULAR DISEASE. FURTHERMORE, FOOD DESERTS CORRELATE TO 71 BILLION IN HEALTH CARE COSTS, WHICH COULD BE ALLEVIATED THROUGH DIETARY CHANGES. STUDIES SHOW ORGANIC FOODS GROWN WITHOUT THE TOXIC CHEMICAL HERBICIDES AND PESTICIDES ARE HEALTHIER FOR OUR BODIES. THE NATIONAL CENTER FOR BIOTECHNOLOGY INFORMATION STATES THAT PEOPLE WHO LIVE IN AREAS WITH A HIGHER AVAILABILITY OF HEALTHY FOODS HAD A 45 LOWER RATE OF DIABETES OVER A 5 YEAR PERIOD. AT NEW UNIVERSE FOOD WE BELIEVE IN FOSTERING HEALTHIER COMMUNITIES THROUGH SUSTAINABLE AMERICAN FARMING, NATURAL PROCESSING, AND QUALITY ORGANIC PRODUCTS.",2024,97804.42,95,97804.42,100,195
666,23OMDGIL0067,NORTH SKY FARM LLC,North Sky Farm LLC,"OUR PROJECT S GOALS ARE TO INCREASE OUR FARMSTEAD CREAMERYS PROCESSING CAPACITY. IN DOING SO WE WILL BE ABLE TO CREATE A MILK MARKET FOR OTHER ORGANIC PRODUCERS TO SELL THEIR MILK TO OUR CREAMERY. ADDITIONALLY WITH THE INCREASED PROCESSING VOLUME WE WILL BE ABLE TO MEET THE EXPECTATIONS OF A WHOLESALE DISTRIBUTOR WHICH WILL ALLOW US TO SELL OUR ORGANIC CHEESE TO MANY MORE PEOPLE. WE PROPOSE TO DO THIS BY INCREASING OUR CHEESEMAKING CAPACITY SO THAT WE ARE ABLE TO BUY MILK FROM ANOTHER DAIRY FARM IN ADDITION TO PROCESSING MILK FROM OUR OWN FARM. THE ACTIVITIES WE WILL BE PERFORMING ARE MOVING INTERIOR WALLS SO OUR CREAMERY SPACE CAN ACCOMMODATE LARGER EQUIPMENT, UPDATING OUR WASTEWATER SYSTEM TO ACCOMMODATE A LARGER VOLUME, INCREASING OUR PERSONNEL TO PROCESS THE LARGER VOLUME OF CHEESE, AND WORKING WITH A CONSULTANT TO SELL THE INCREASED VOLUME OF CHEESE THROUGH A DISTRIBUTOR. IN ADDITION TO BEING BENEFICIAL IN THAT WE ARE CREATING A MILK MARKET FOR ANOTHER PRODUCER, INCREASING OUR PRODUCTION WILL ALLOW US TO REACH THE MINIMUM VOLUME NEEDED TO WORK WITH WHOLESALE CHEESE DISTRIBUTORS WHICH WILL BRING OUR ORGANIC CHEESE TO A MUCH BROADER CUSTOMER BASE. CURRENTLY WE OWN OUR FARM, AND HAVE THE CRITICAL INFRASTRUCTURE IN PLACE TO PROCESS UP TO 100 GALLONS PER DAY INTO CHEESE, THIS PROJECT WOULD DOUBLE OUR PROCESSING CAPACITY. THE INTENDED BENEFICIARIES BEYOND OUR ORGANIZATION ARE ANOTHER ORGANIC DAIRY FARM WHOM WE WILL BUY MILK FROM, OUR ORGANIC GRAIN SUPPLIER BLUESTEM WHO WILL BENEFIT FROM SELL MORE ORGANIC GRAIN, A WHOLESALE DISTRIBUTOR AND THE ASSOCIATED RETAIL OUTLETS WHO WILL BE ABLE TO CARRY A NEW ORGANIC PRODUCT, AND NUMEROUS CUSTOMERS WHO WILL NOW BE ABLE TO BUY OUR ORGANIC CHEESE AT A MAINSTREAM RETAIL LOCATIONS. WE WILL BE ABLE TO REACH MANY MORE CUSTOMERS THIS WAY AS COMPARED TO FARMERS MARKET AND ON-FARM SALES. A KEY COLLABORATOR ON THIS PROJECT IS AINSLEY MOIR OF HEALTHY FOOD AND BEVERAGE GROUP WHO WILL BE USING HER EXPERTISE IN PREPARING CONSUMER PACKAGED GOODS FOR WHOLESALE AND DISTRIBUTION TO HELP GET OUR CHEESE INTO LARGE MAINSTREAM RETAIL LOCATIONS RATHER THAN JUST THE FARMERS MARKET. THERE ARE THREE MAIN EXPECTED OUTCOMES. 1. WE WILL BE ABLE TO OFFER MILK CONTRACTS TO TWO ORGANIC DAIRY FARMS, OUR OWN DAIRY AND ONE OTHER ORGANIC DAIRY THUS CREATING A MILK MARKET. 2. WE WILL BE ABLE TO EXPAND OUR PRODUCTION TO A LEVEL WHERE WE ARE ABLE TO SELL THROUGH A WHOLESALE DISTRIBUTOR SO OUR CHEESE WILL BE ABLE TO BE SOLD IN MAINSTREAM GROCERY STORES OVER A WIDE GEOGRAPHIC AREA. 3. OUR SALES VOLUME WILL BE INCREASED TO A LEVEL WHERE OUR ORGANIC CREAMERY IS ECONOMICALLY SUSTAINABLE AND IS ABLE TO CONTINUE TO EMPLOYEE AT LEAST FOUR, AND LIKELY MORE FULLTIME EMPLOYEES BEYOND THE END OF THE PROJECT PERIOD. WE WILL ACHIEVE THESE GOALS BY MAKING SOME KEY CHANGES TO INCREASE PRODUCTION CAPACITY TO REMOVED PROCESSING FACILITY EQUIPMENT BOTTLENECKS THAT CURTAIL MANUFACTURING CAPACITY.",2024,867715.0,100,86379.0,67,200
725,23OMDGVT0008,NORTHEAST ORGANIC FARMING ASSOCIATION OF VERMONT,Northeast Organic Farming Association of Vermont,"THE NORTHEAST ORGANIC FARMING ASSOCIATION OF VERMONT (NOFA-VT), IN PARTNERSHIP WITH VERMONT WAY FOODS (VWF) AND FOOD CONNECTS (FC), PROPOSES TO GROW AND DEVELOP MARKETS FOR VERMONTS ORGANIC PRODUCERS IN THREE WAYS. FIRST, BY EXPANDING ACCESS TO PROMISING IDENTIFIED MARKETS THROUGHOUT THE NORTHEAST BY DEVELOPING SALES CHANNELS TO LARGE RETAILERS AND OTHER WHOLESALE BUYERS WITH CONSUMER BASES THAT ARE VALIDATED BY MARKET RESEARCH TO VALUE AND SUPPORT THE QUALITIES INHERENT IN VERMONT ORGANIC FOOD. SECOND, BY DEVELOPING NEW DAIRY, MAPLE, AND OTHER VERMONT ORGANIC WHOLESALE PRODUCTS TO BE BRANDED AND MARKETED UNDER THE VWF BRAND AND DISTRIBUTED REGIONALLY BY FC. AND THIRD, BY INCREASING CONSUMER AWARENESS AND DEMAND FOR ORGANIC FOOD THROUGH TARGETED MARKETING AND PROMOTIONS IN VERMONT AND THROUGHOUT THE NORTHEAST. KEY OUTCOMES INCLUDE: NEW AND EXPANDED WHOLESALE MARKETS FOR VERMONT ORGANIC PRODUCERS, INCLUDING AN OVERALL INCREASE IN THE PERCENTAGE OF ORGANIC PRODUCTS SOLD THROUGH THE FOOD CONNECTS FOOD HUB FROM 25 TO 33 , AND OVER 3 MILLION IN SALES OF VWF ORGANIC PRODUCTS. ADDITIONALLY, THE PROJECT WILL RESULT IN INCREASED AWARENESS OF AND PREFERENCE FOR LOCALLY PRODUCED ORGANIC FOOD AMONG REGIONAL CONSUMERS. KEY INITIAL BENEFICIARIES OF THE PROJECT INCLUDE UP TO 3 ORGANIC DAIRY PRODUCERS, 1-2 ORGANIC DAIRY PROCESSORS, 4 ADDITIONAL FOOD HUBS (CERTIFIED ORGANIC HANDLERS), AND 4 ORGANIC MAPLE PRODUCERS. AS VWF SCALES ITS PRODUCTION AND INCREASES SALES CAPACITY, WE EXPECT THESE INITIAL PRODUCERS TO SEE INCREASED SALES TO VWF, AND ULTIMATELY, FOR VWF TO ONBOARD ADDITIONAL PRODUCERS AND PROCESSORS. AS OF 2023, FC CURRENTLY SELLS PRODUCTS FROM 15 ORGANIC PRODUCERS, WITH A GOAL TO INCREASE TO AT LEAST 20 DURING THE PROJECT PERIOD. THE CORE PROJECT TEAM WILL CONSIST OF KEY STAFF FROM NOFA-VT, FC, AND VWF. NOFA-VT WILL LEAD OVERALL PROJECT MANAGEMENT AND THE CONSUMER EDUCATION AND MARKETING ACTIVITIES. FC WILL LEAD AND OVERSEE ORGANIC SUPPLY CHAIN DEVELOPMENT ACTIVITIES, AND CONTRIBUTE TO ORGANIC PRODUCT PROCUREMENT AND SALES ACTIVITIES. VWF WILL LEAD AND OVERSEE ITS PRODUCT DEVELOPMENT ACTIVITIES, AND CONTRIBUTE TO SALES AND MARKETING ACTIVITIES WITHIN THE PROJECT. THE CORE PROJECT TEAM WILL LEVERAGE SUPPORT FROM ADDITIONAL COLLABORATORS INCLUDING STRATEGIC MARKETING CONSULTANT(S) TO DEEPEN AND ALIGN SHARED CONSUMER MARKETING STRATEGY, A GRAPHIC DESIGNER ARTIST TO TO SUPPORT ASSET CREATION FOR CONSUMER MARKETING ACTIVITIES, AND MIGRANT JUSTICE, TO SUPPORT THE COORDINATION OF MILK WITH DIGNITY CERTIFICATION OF VWF DAIRY PRODUCTS WHICH WILL ENGENDER CONSUMER TRUST IN THE VALUES-ALIGNED BRAND.",2024,2035669.0,100,623545.0,59,200
702,23OMDGNY0045,"NORWICH MEADOWS FARM, LLC","Norwich Meadows Farm, LLC","NORWICH MEADOWS FARM GROWS AND MARKETS HUNDREDS OF VARIETIES OF ORGANIC VEGETABLES AND FRUITS THROUGH DIRECT MARKET CHANNELS (FARMERS MARKETS, CSAS, DIRECT TO RESTAURANTS AND RETAIL STORES) AS WELL AS THROUGH SPECIALTY WHOLESALE CHANNELS. THE FARM HAS RECENTLY PARTNERED WITH COMMERCIAL KITCHENS IN THE REGION TO TEST-MARKET A RANGE OF VALUE-ADDED PROCESSED PRODUCTS INCLUDING SALSAS, TOMATO SAUCES, JUICES, PESTOS, DRIED HERBS, JAMS, AND MORE. WHILE THESE PRODUCTS HAVE BEEN WELL-RECEIVED IN THE MARKET, THE FARM S ABILITY TO FURTHER DEVELOP THEM HAS BEEN LIMITED BY THE CAPACITY AND COST STRUCTURE OF THE COMMERCIAL KITCHENS WE WORK WITH. WHILE WE ANTICIPATE THAT IN THE FUTURE WE MAY BE ABLE TO WORK WITH LARGER COMMERCIAL CO-PACKERS FOR SOME PRODUCTS, WE HAVE IDENTIFIED A NEED FOR A DEDICATED FACILITY THAT CAN HANDLE THE MORE UNIQUE PRODUCTS AND SHORTER PRODUCTION RUNS THAT SUIT OUR BUSINESS. WE ARE ALREADY IN THE PROCESS OF BUILDING A 6,000SF BUILDING TO HOUSE OUR PROCESSING, PACKING AND SHIPPING ACTIVITIES, AND HAVE RESERVED SPACE IN THE DESIGN OF THAT FACILITY FOR A COMMERCIAL KITCHEN FACILITY. WE ARE ALSO DEVELOPING A BUSINESS PLAN FOR A FOOD HUB (WITH THE SUPPORT OF A USDA LOCAL FOOD PROMOTION PROGRAM GRANT AM22LFPPNY1153-00) AND WE ANTICIPATE THAT PART OF THE FOOD HUB FUNCTION WILL BE TO PROVIDE OTHER FARMS WITH ACCESS TO A WELL-EQUIPPED COMMERCIAL KITCHEN TO ADD VALUE TO THEIR PRODUCTS.",2024,95261.08,100,95261.08,100,200
705,23OMDGOR0001,"OREGON ORGANIC COALITION, INC.",Oregon Organic Coalition,"THE OREGON ORGANIC COALITION WILL LEAD A MULTI-SECTOR PROJECT TO GROW THE MARKET FOR ORGANIC PRODUCTS FROM THEPACIFIC NORTHWEST (PNW). THIS PROJECT REPRESENTS A MAJOR COLLABORATION WITH PARTNERS INCLUDING THE OREGONDEPARTMENT OF AGRICULTURE, ORGANICALLY GROWN COMPANY, HUMMINGBIRD WHOLESALE, THE GOOD FOOD FOUNDATION,TILTH ALLIANCE, THE OREGON FARM-TO-SCHOOL SCHOOL GARDEN NETWORK, AND OTHERS TO PROMOTE OREGON- ANDWASHINGTON-PRODUCED ORGANIC FOOD AND STRENGTHEN ORGANIC MARKET CHANNELS. ITS PURPOSE IS TO DRIVE CONSUMERDEMAND FOR ORGANIC PRODUCTS AND EXPAND VALUABLE MARKETS FOR ORGANIC PRODUCERS, TARGETING THE SPECIALTY CRAFTFOOD AND FARM-TO-SCHOOL MARKETS. WHILE BUILDING ORGANIC MARKET POSITION ACROSS THE ENTIRE FOOD SECTOR, IT WILLFOCUS ON PRODUCTS WITH IDENTIFIED OPPORTUNITIES FOR SIGNIFICANT GROWTH, INCLUDING BARLEY AND OTHER GRAINS, FRUITSAND VEGETABLES, HAZELNUTS, AND WINE GRAPES.KEY ACTIVITIES WILL INCLUDE ASSISTING ORGANIC PRODUCERS TO BECOME MARKET-READY FOR WHOLESALE SALES SUPPORTINGTHEM TO ATTEND TRADE SHOWS AND CONNECTING THEM TO BUYERS WITH VALUES-BASED PURCHASING GOALS. PARTNERS WILLALSO CONDUCT STRATEGIC COMMUNICATIONS TO EDUCATE CONSUMERS ABOUT THE ORGANIC LABEL AND THE BENEFITS OFORGANIC FOOD, STRENGTHEN ORGANIC FOOD IN THE PNW IDENTITY AND BRAND IMAGE, AND BUILD DEMAND FOR CROPS ANDVARIETIES THAT ARE REGIONALLY ADAPTED, HIGH-PERFORMING, AND PROFITABLE FOR ORGANIC PRODUCERS.THE PROJECT WILL BENEFIT ORGANIC PRODUCERS THROUGH IMPROVED VALUE CHAIN COORDINATION, PROMOTION, AND INCREASEDCONNECTIONS TO HIGH-VALUE MARKETS. IT WILL ALSO BENEFIT SMALL AND MID-SCALE CRAFT FOOD MANUFACTURING BUSINESSES,PEOPLE SERVED BY FARM-TO-INSTITUTION PROGRAMS, AND THE GENERAL PUBLIC, THROUGH GREATER ACCESS TO ORGANICALLYPRODUCED FOOD.",2024,1095221.0,95,95261.08,71,166
714,23OMDGRI0108,PLANTS TO FOOD LLC,"Plants to Food, LLC","PLANTS TO FOOD IS A MANUFACTURING SERVICE PARTNER FOR PLANT-BASED FOOD BRANDS. WE BRING OVER 25 YEARS OF MANUFACTURING EXPERTISE AND EXCELLENCE IN THE AREAS OF PRODUCT FORMULATION, TESTING, LABELING, PACKAGING, DISTRIBUTION, AND MORE. WEVE BEEN COOKING, BLENDING, INFUSING, AND PACKAGING PREMIUM FOOD PRODUCTS FOR OVER 25 YEARS. IN ADDITION TO OUR PRODUCT AND PACKAGING CAPABILITIES, WE ALSO OFFER R D, LABELS, AND NUTRITIONAL SOFTWARE THAT CREATES NUTRITION FAX PANELS PER FDA GUIDELINES. OUR TEMPERATURE-CONTROLLED PRODUCTION FACILITY IS STATE-OF-THE-ART WITH AN INNOVATIVE WAREHOUSE MANAGEMENT PROCESS. THIS INCLUDES A DEDICATED PICK AND PACK FULFILLMENT LINE FOR DIRECT-TO-CONSUMER AND A SEPARATE PALLET RACKING SYSTEM FOR STORAGE AND CARRIER PALLET LOADS. AS OUR COMPANY CONTINUES TO EXPAND, WE ARE CONSTANTLY LOOKING FOR NEW WAYS TO ACCOMMODATE OUR GROWING DEMANDS. FOR THIS PROJECT, WE INTEND TO PURCHASE A MAXPACK MFR 3 ROTARY FILL AND SEAL MACHINE FOR PREMADE DOYPACK AS WELL AS A PISTON FILLER FOR LIQUIDS AND PASTES. THIS MACHINE WILL INCREASE PRODUCTION BY ROUGHLY 12,000 UNITS PER MONTH. IT WILL ALLOW US TO TAKE ON SEVEN NEW CUSTOMERS AND SUPPLY FOUR NEW JOBS AT OUR FACTORY. OVERALL, WE WILL SEE A 10% INCREASE IN PRODUCTION WITH THIS NEW MACHINERY. ACQUIRING THIS EQUIPMENT IS A NECESSITY, BUT IT IS ALSO QUITE COSTLY FOR A SMALL BUSINESS TO TAKE ON, THIS FUNDING WOULD GO A LONG WAY TO HELPING US ACHIEVE THE INCREASED DEMANDS FROM OUR CLIENTS.",2024,100000.0,97,100000.0,100,197
710,23OMDGPA0054,POCONO ORGANICS LLC,"Pocono Organics, LLC","POCONO ORGANICS INTENDS TO INCREASE THE PRODUCTION OF OUR REGENERATIVE ORGANIC CERTIFIED (ROC) MICROGREENS FORPROCESSING INTO A VALUE-ADDED FREEZE-DRIED MICROGREEN POWDER CALLED POWERGREENS. THE PROCESSING METHOD COMBINEDWITH APPROPRIATE PACKAGING SYSTEMS EXTENDS THE MICROGREENS SHELF LIFE EXPONENTIALLY, MAINTAINS THEIR HIGHNUTRITIVEATTRIBUTES, PROTECTS THE PRODUCT FOOD SAFETY AND SUPPORTS THE PRODUCT QUALITY. THE EQUIPMENT REQUESTEDFOR POST-HARVEST HANDLING AND PACKAGING WILL ALLOW MARKET EXPANSION OF OUR PRODUCT TO NATIONWIDE RETAIL ANDWHOLESALE OUTLETS THROUGH UNIQUE CHANNELS. IT WILL ENSURE THE SHELF STABILITY OF INCREASED PRODUCTION QUANTITIESRESULTING IN REDUCED ENERGY CONSUMPTION DURING STORAGE AND DISTRIBUTION BY ELIMINATING REFRIGERATION NEEDS. THEPRODUCT WILL BE SOLD DIRECTLY TO CONSUMERS THROUGH OUR PHYSICAL AND ONLINE STORES AND ADDITIONAL REGIONAL ANDNATIONAL RETAILERS. BY PACKAGING IN VARIOUS SIZES, ORGANIC PRODUCT SALES PATHWAYS CAN BE EXPANDED THROUGHWHOLESALE TARGET MARKETS INCLUDING JUICE BARS, FITNESS CENTERS, BAKERIES, DIETARY SUPPLEMENT COMPANIES AND HEALTHCARE INSTITUTIONS.COLLABORATING PARTNERSHIPS WITH RODALE INSTITUTE AND THE REGENERATIVE ORGANIC ALLIANCE (ROA) WILL SUPPORTPOWERGREENS ORGANIC MARKET EXPANSION OPPORTUNITIES ACROSS THE COUNTRY. RODALE HAS BEEN DEDICATED TO GROWING THEORGANIC AGRICULTURE MOVEMENT FOR OVER 75 YEARS THROUGH RESEARCH, FARMER TRAINING, AND CONSUMER EDUCATION WITH THEGOAL OF IMPROVING THE HEALTH OF PEOPLE AND THE PLANET. ROA IS COMMITTED TO EXPANDING REGENERATIVE ORGANICAGRICULTURE MOVEMENT THROUGH BRAND-DRIVEN PRODUCT CERTIFICATION OF SUSTAINABLE PRODUCTION PRACTICES. BOTHORGANIZATIONS HAVE EXTENSIVE COMMUNICATIONS AND MARKETING NETWORKS THROUGHOUT THE COUNTRY TO HELP WITH FORGINGNEW MARKETS AND PROVIDING EQUITABLE ACCESS TO ORGANIC PRODUCTS.A MIXTURE OF HEMP, BROCCOLI AND SUNFLOWER MICROGREENS ARE GROWN IN TWO-WEEK SUCCESSIONS ALL YEAR ROUND USING OURGREENHOUSE OPERATIONS. THIS PRODUCTION SYSTEM SUPPORTS THE USDAS CLIMATE SMART ACTION GOALS BY MINIMIZING WATERUSAGE AND CARBON EMISSIONS IN A CONTROLLED INDOOR ENVIRONMENT. THE POWERGREENS PROCESSING RESULTS IN A NUTRIENTRICHORGANIC FOOD SOURCE THAT CAN BE PRODUCED AND AGGREGATED THROUGHOUT THE ENTIRE YEAR, PROVIDING EXPANDEDMARKET OPPORTUNITY TO ORGANIC FARMERS DURING COLDER MONTHS AND CREATING STRONG SUPPLY CHAIN SECURITY. THEEQUIPMENT REQUESTED WILL IMPROVE OUR PRODUCTION AND PROCESSING EFFICIENCIES RESULTING IN MINIMAL PRODUCT LOSS,SAFE PRODUCT PRESERVATION AND EXPANDED ORGANIC MARKET POTENTIAL.",2024,69482.81,97,69482.81,100,197
729,23OMDGWA0060,PUGET SOUND FOOD HUB COOPERATIVE,Puget Sound Food Hub Cooperative,"THE PUGET SOUND FOOD HUB COOPERATIVE (PSFHC) IS A FARMER OWNED COOPERATIVE INCORPORATED IN 2016 WITH A MISSION TO SUPPORT AND CHAMPION LOCAL, FAMILY SCALE FARMS BY PROVIDING A DIRECT CONNECTION WITH BUYERS IN OUR REGION SEEKING HIGH QUALITY, LOCALLY PRODUCED FOOD. PSFHC MEMBER-PRODUCERS INCLUDE OVER 80 FARMERS, RANCHERS, AND VALUEADDED AGRICULTURAL PRODUCERS PROVIDING PRODUCTS SOURCED FROM THE PUGET SOUND REGION OF WESTERN WASHINGTON. PSFHC PURCHASES PRODUCE FROM OUR MEMBER-PRODUCERS AND THEN MARKETS, SELLS, AND DISTRIBUTES TO OUR DIVERSE CUSTOMER BASE. PSFHC IS CURRENTLY PARTNERED WITH CLOUD MOUNTAIN FARM CENTER (ONE OF OUR MEMBER-PRODUCERS) TO LEASE THEIR COMMERCIAL KITCHEN FOR OUR FOOD PROCESSING OPERATIONS. PSFHC IS FOCUSING ON THE DEVELOPMENT OF A STRATEGIC FINANCIAL PLAN FOR SUSTAINABLE EXPANSION. THIS PLAN INCLUDES DEVELOPMENT OF PROCESSING SERVICES THAT WILL ADD VALUE TO MEMBER-PRODUCERS PRODUCTS, AND PROVIDE THEM WITH ENHANCED AND COMPETITIVE MARKET ACCESS. THE STRATEGY ADDRESSES THE CRITICAL NEED FOR AN EFFICIENT MEANS TO PREPARE CERTIFIED ORGANIC AND CONVENTIONAL PRODUCE FOR SALE AS FRESH CUT OR FROZEN. 50 OF PRODUCE SOLD THROUGH PSFHC IS CERTIFIED ORGANIC, THE FORTHCOMING CERTIFICATION OF OUR FACILITY WILL ENSURE OUR ORGANIC SEGREGATION STRATEGIES COMPLY WITH USE OF THIS EQUIPMENT TOWARDS PRODUCING CERTIFIED ORGANIC PRODUCTS. PSFHC WILL UTILIZE THE 86,379.00 BUDGET TO PURCHASE APPROPRIATE PROCESSING EQUIPMENT THAT WILL CREATE THE CAPACITY FOR OUR ORGANIZATION TO PROVIDE THIS NEEDED SERVICE AS WE EXPAND OUR MEMBER-PRODUCERS BENEFIT OFFERINGS.",2024,86379.0,100,86379.0,100,200
683,23OMDGMI0104,QUALITY ROASTING LLC,"Quality Roasting, LLC","THE GOAL OF QUALITY ROASTING, LLC S (QR) REFINING THE ORGANIC SOYBEAN MARKET OF TOMORROW PROJECT IN 2023 IS TO CREATE A ROBUST ORGANIC SOYBEAN MARKET TAILORED TO ORGANIC GROWERS, CRUSHERS, AND MANUFACTURERS IN THE GREAT LAKES REGION. THIS INITIATIVE AIMS TO IMPROVE MARKET ACCESSIBILITY AND ENCOURAGE HIGHER CONSUMER CONSUMPTION OF DOMESTIC FOOD GRADE ORGANIC VEGETABLE OIL. TO ACHIEVE THIS GOAL, QR PLANS TO DEVELOP AN ORGANIC SOYBEAN OIL REFINING LINE IN REESE, MI WITH CAPACITY TO PROCESS OVER 18 MILLION POUNDS OF ORGANIC OIL PER YEAR. THE REFINING PROCESS OF SOYBEAN OIL INVOLVES DEGUMMING, BLEACHING, AND DEODORIZATION TO REMOVE IMPURITIES AND ENHANCE THE OIL S QUALITY, TASTE, AND STABILITY.  THIS REFINING LINE WILL BE AN EXPANSION OF THE EXISTING SOYBEAN CRUSH PROCESS, ESTABLISHING A MORE EXTENSIVE ORGANIC SOYBEAN MARKET FOR OVER 1,400 GROWERS IN THE REGION.  MOREOVER, THIS PROJECT WILL EXPAND THE MARKET OPPORTUNITIES FOR CRUDE ORGANIC SOYBEAN OIL BY ESTABLISHING A LOCAL MARKET FOR THE FIVE EXISTING SOYBEAN CRUSH PLANTS WITHIN THE GREAT LAKES REGION. FURTHERMORE, THE SUPPLY OF REFINED ORGANIC VEGETABLE OIL WILL INCREASE, BENEFITING 22 MANUFACTURERS WHO PACKAGE THE OIL FOR CONSUMERS.  QR INITIATED ITS ORGANIC PROGRAM IN JULY 2020, AND THERE HAS BEEN A REMARKABLE INCREASE IN THE PRODUCTION OF ORGANIC SOYBEAN MEAL AND OIL. FROM A FIRST- YEAR OUTPUT OF A FEW HUNDRED TONS, THE COMPANY HAS SCALED UP TO PRODUCE OVER 17,000 TONS OF ORGANIC SOYBEAN MEAL AND OIL IN 2022.",2024,2370203.58,98,263743.0,56,154
721,23OMDGTX0057,RKH GIN LLC,"RKH GIN LLC, dba Woolam Gin","RKH GIN LLC, DBA WOOLAM GIN IS A PRIMARILY WOMAN OWNED GINNING FACILITY THAT HAS PROCESSED ORGANIC COTTON FOR 33 YEARS, BEING THE FIRST UNITED STATES TO DO SO. IT IS LOCATED IN A HIGH POVERTY AREA IN LYNN COUNTY, TEXAS AND SERVES OTHER HIGH POVERTY AREAS INCLUDING DAWSON AND TERRY COUNTIES. WOOLAM GIN IS SEEKING A GRANT AWARD TO PURCHASE AND INSTALL EQUIPMENT TO EXPAND THE SERVICES AND IMPROVE PROCESSING INCREASING PRODUCTION OF ORGANIC COTTON FOR FARMERS WHICH WILL IMPROVE OVERALL MARKET PRODUCTION OF THE BENEFICIAL PRODUCT. THE OVERARCHING PROJECT PURPOSE IS TO IMPROVE EFFICIENCY THEREFORE IMPROVING OUTCOMES FOR FARMERS AND THE ORGANIC MARKET. THE ACTIVITIES THAT WILL BE INVOLVED WITH THE PROGRAM INCLUDE INSTALLATION AND PURCHASE OF A 3-BC-144 8 CYLINDER INCLINED CLEANER, 2 STICK MACHINES WITH STEEL SUPPORTS, STEAMROLLER, AND ADDITIONAL GIN STAND MOTORS. THE LARGE PRODUCING EQUIPMENT WILL INCREASE PRODUCTION FROM 25 BALES AN HOUR TO UP TO 40 BALES AN HOUR. THE INCREASE IN PROCESSING WILL IMPROVE THE HOUSING TIME OF COTTON IN THE WAREHOUSE WHICH WILL IMPROVE THE GRADES AND FACILITATE EARLIER ENTRY INTO THE MARKETPLACE, BENEFITING BOTH FARM PRODUCERS, PROCESSORS, AND CONSUMERS. THE FASTER PROCESSING WILL IMPROVE TURNAROUND FOR THE FARMER AND FURTHER INCREASE PRODUCTION POSSIBILITIES. THE PRIMARY PARTNERS AND COLLABORATORS OF THE PROJECT WILL INCLUDE PARTICIPATING ORGANIC FARMERS, THE PROJECT MANAGER, PROJECT SUPERVISOR, GIN MANAGER AND OTHER SUPPORTING HUMAN RESOURCES WORKERS. THIS GRANT AWARD WILL CREATE IMPROVED MARKETS AND EXPAND PROCESSING CAPACITY WHICH IN TURN WILL ENRICH MARKET AVAILABILITY AND FURTHER DEVELOPMENT OF PRODUCTION RESOURCES AND PRODUCTION.",2024,4000236.13,90,24318.13,56,146
658,23OMDGHI0061,ROBERT LAWRENCE BENCE II,ROBERT LAWRENCE BENCE II,"THE HONOLULU CIVIL BEAT STATES, THERE USED TO BE 160 DAIRIES IN HAWAII. ONLY TWO REMAIN, AND ONE PLANS TO CLOSE, MEANING HAWAII COULD END UP IMPORTING ALL ITS MILK. NEITHER DAIRY PRODUCES NOR DISTRIBUTES ORGANIC A2 MILK. THIS RAISES CONCERNS ABOUT HAWAII S RELIANCE ON IMPORTED MILK. KULA ORGANIC A2 (KOA) MICRO-DAIRY IS A SOLUTION FOR MAUI RESIDENTS. KOA WILL PRODUCE ORGANIC A2 MILK, CHEESE, YOGURT, AND KEFIR, A FERMENTED MILK DRINK, CULTURED FROM KEFIR GRAINS -- HEALTHY OPTIONS CURRENTLY UNAVAILABLE.KOA CAN PRODUCE UP TO 20 GALLONS OF A2 MILK DAILY DEVELOPING A DOMESTIC MARKET FOR ORGANIC A2 DAIRY. MOST OF MAUIS MILK IS A1 AND IMPORTED, EMPHASIZING THE NEED FOR LOCALLY PRODUCED ECONOMICAL, ENVIRONMENTALLY SUSTAINABLE DAIRY. THE MICRO-DAIRY IS OPERATED BY HAWAII SUSTAINABLE FARM (HSF), A SOLE PROPRIETORSHIP ESTABLISHED BY A DISABLED FARMER WORKING MAUIS LAND SINCE GRADUATING FROM THE UNIVERSITY OF HAWAII WITH A DEGREE IN MARKETING. HSF PRACTICES SUSTAINABLE FARMING METHODS AND IS IMPLEMENTING ITS SECOND USDA CONSERVATION PLAN.KOA ALIGNS WITH GROWING INTEREST IN A2 MILK AND ITS POTENTIAL HEALTH BENEFITS. A2 MILK IS EASIER TO DIGEST AND A HEALTHIER OPTION FOR INDIVIDUALS WITH MILK SENSITIVITIES. KOA MICRO-DAIRY WILL BE THE ONLY PROVIDER OF ORGANIC A2 MILK IN HAWAII. THE ALOHA UNITED WAY S ALICE REPORT STATES THE NUMBER OF PEOPLE LIVING IN POVERTY INCREASED FROM 9 IN 2018 TO 15 IN 2022. OUR COMMITMENT TO HIRING INDIVIDUALS LIVING AT OR BELOW THE POVERTY LEVEL AND PAYING THEM A LIVING WAGE PROVIDES ECONOMIC OPPORTUNITIES AND STABILITY.",2024,92547.0,100,92547.0,100,200
692,23OMDGNC0017,"REEDY FORK FARM, LLC","Reedy Fork Farm, LLC","ORGANIC FEED PROVIDES COUNTLESS BENEFITS TO LIVESTOCK AND CONSUMERS ALIKE, WITH OUTCOMES INCLUDING HIGHER NUTRIENT CONTENT, IMPROVED ANIMAL HEALTH, AND ENVIRONMENTAL BENEFITS. UNFORTUNATELY, THERE ARE FEW ORGANIC FEED MILLS THAT MEET THE NEEDS OF SMALL PRODUCERS IN THE SOUTHEAST UNITED STATES, PRIORITIZING THE USE OF LOCAL WHEN POSSIBLE AND ONLY DOMESTIC INGREDIENTS. THIS INCREASES THE DEMAND PLACED ON SMALL ORGANIC FEED MILLS. WE ARE ALREADY PROVIDING HIGH QUALITY FEED TO CONSUMERS IN OVER FORTY STATES. OUR OBJECTIVES ARE TO EXPAND OUR EXISTING MARKETS BY INCREASING EFFICIENCY IN PRODUCTION, BY INCREASING STORAGE CAPACITY, WHILE IMPROVING AND MAINTAINING THE QUALITY OF THE ORGANIC PRODUCTS. WE ARE A SMALL ORGANIC FEED MILL THAT FACES SIGNIFICANT EFFICIENCY AND STORAGE CAPACITY NEEDS. THIS PROPOSAL WILL ALLOW US TO PURCHASE EQUIPMENT SUCH AS AUGERS, LARGER FEED BINS, AND A ROLLER MILL THAT WILL ASSIST US IN ACHIEVING OUR GOALS. BY IMPLEMENTING THESE OBJECTIVES, WE WILL PROVIDE A MUCH NEEDED INCREASE IN ACCESS TO CONSUMERS AND PRODUCTION TO SUPPORT THE DEVELOPMENT AND EXPANSION OF NEW AND EXISTING MARKETS, AS EVIDENCED BY AN INCREASE OF BETWEEN 600,000-900,000 POUNDS, OR A 25 INCREASE IN SALES.",2024,100000.0,100,100000.0,100,200
674,23OMDGME0041,RENATA C SCARANO,Renata Scarano,"THE ECONOMIC VIABILITY OF OUR FARM IS MADE STRONGER BY THE SYNERGY OF GROWING AND MARKETING A LEGUME SUCH AS EDAMAME WITH TWO DISTINCTIVE BENEFITS: 1) THE CREATION OF A NICHE MARKET FOR VALUE-ADDED FRESH AND FROZEN EDAMAME GENERATING AN ADDITIONAL DIVERSIFIED INCOME BENEFIT FOR OUR FARM. 2) UTILIZE THE NITROGEN-FIXING ABILITY OF SOYBEANS TO FIX AND INCORPORATE BETWEEN 30 TO 50 LBS. OF NITROGEN PER ACRE INTO THE SOIL. INTEGRATING AND ROTATING SOYBEANS INTO OUR ESTABLISHED VEGETABLE PRODUCTION SCHEDULE WILL REDUCE OUR RELIANCE ON OFF-FARM PURCHASES OF NITROGEN FERTILIZERS. ADDITIONAL BENEFITS INCLUDE BETTER SOIL HEALTH, REDUCED PEST AND DISEASE PRESSURE, SUSTAINABLE WEED MANAGEMENT, ENVIRONMENTAL BENEFITS AND IMPROVED CROP RESILIENCY HELPING TO CONTRIBUTE TO A MORE HOLISTIC, SUSTAINABLE AND PROFITABLE FARM SYSTEM WHILE MINIMIZING THE NEGATIVE IMPACTS ON THE ENVIRONMENT.THE GRANT FULFILLS THE NEED TO PURCHASE REFRIGERATION WHICH PLAYS A CRITICAL ROLE IN THE STORAGE AND DELIVERY OF FRESH AND FROZEN EDAMAME, ENSURING THE END PRODUCT MAINTAINS THE PROPER QUALITY, SAFETY, AND SHELF LIFE THROUGHOUT ITS FINAL DISTRIBUTION CHANNELS I.E., OUR LONG-ESTABLISHED FARMERS MARKETS AND THE NUMEROUS RETAIL OUTLETS WE SERVE THROUGHOUT THE STATE OF MAINE.FINALLY, I BELIEVE THE GRANT WILL BE PARTICULARLY BENEFICIAL AS I AM A HISPANIC IMMIGRANT FROM BRAZIL. IMMIGRANT FARMERS OFTEN FACE UNIQUE CHALLENGES DUE TO THEIR INTERSECTIONAL IDENTITIES. ADDRESSING THESE CHALLENGES ALIGNS WITH THE PRINCIPLES OF SOCIAL JUSTICE, ENSURING THAT EVERYONE HAS EQUAL ACCESS TO OPPORTUNITIES AND RESOURCES REGARDLESS OF THEIR BACKGROUND.",2024,97509.26,95,97509.26,100,195
638,23OMDGCA0036,ROCK FRONT RANCH LLC,Rock Front Ranch LLC,"JUJUBE FRUIT IS HISTORICALLY A CONVENTIONAL CROP.  ROCK FRONT RANCH HAS PROVIDED ORGANIC JUJUBE FRUIT TO 29 WHOLE FOODS SOUTHERN CALIFORNIA SINCE 2017. RECENTLY, THE RANCH HAS ENDEAVORED TO SERVE WHOLE FOODS NORTHERN CALIFORNIA AND OTHER ORGANIC STORES IN THAT REGION.  THOSE EFFORTS HAVE BEEN CURTAILED BY LACK OF SUFFICIENT TRANSPORTATION CAPABILITIES AND THE PROHIBITIVE EXPENSE OF CONTRACTING FOR 3RD PARTY DELIVERY. THE ADDITION OF TWO REFRIGERATED DELIVERY TRAILERS WOULD ALLOW RFR TO PROVIDE BOTH FRESH AND DRIED ORGANIC JUJUBE FRUIT TO THE ENTIRE NETWORK OF WHOLE FOODS NORTHERN CALIFORNIA, AN ADDITIONAL 39 STORES, AS WELL AS OTHER ORGANIC STORES. RFR CURRENTLY HAS MARKET EXCLUSIVITY IN WFM BEING THE ONLY CALIFORNIA RANCH OFFERING CERTIFIED ORGANIC JUJUBES OF THE QUALITY REQUIRED.   TWO TRAILERS WILL PROVIDE THE CAPACITY TO DELIVER FRESH AND DRIED ORGANIC JUJUBE FRUIT TO BOTH NORTHERN AND SOUTHERN CALIFORNIA MARKETS SIMULTANEOUSLY, INCREASING EFFICIENCY AS WELL AS CREATING TWO TO-FOUR NEW EMPLOYMENT OPPORTUNITIES FOR RESIDENTS OF THE CUYAMA VALLEY, A COMMUNITY WITH PERSISTENT POVERTY. RFR HAS RECEIVED LETTERS OF SUPPORT FROM SOCIALLY DISADVANTAGED PRODUCERS OF ORGANIC JUJUBE FRUIT IN AGREEMENT TO MEET QUALITY REQUIREMENTS AND THEREBY PROVIDE ADDITIONAL VOLUME DEMAND, IF NEEDED TO SUPPLY A NEW MARKET. THE RFR PROJECT GOALS OF INCREASING MARKET ACCESS TO ORGANIC PRODUCTS,  IMPROVING THE EFFICIENCY OF TRANSPORTING ORGANIC FRUIT TO ORGANIC MINDED CONSUMERS AND GENERATING EMPLOYMENT OPPORTUNITIES IN A COMMUNITY WITH PERSISTENT POVERTY ALIGN WITH THE GOALS OF THE OMDG PROGRAM.",2024,89180.0,100,89180.0,100,200
635,23OMDGCA0021,RUMIANO CHEESE CO,Rumiano Cheese Company,"DAIRY IS THE LARGEST ORGANIC COMMODITY IN THE UNITED STATES WITH 1.6 BILLION IN ANNUAL SALES, YET ORGANIC MILK REPRESENTS JUST 2 PERCENT OF THE NATIONS DAIRY PRODUCTION (USDA NASS 2021 CERTIFIED ORGANIC SURVEY) AND IS DECLINING. USDA AMS ORGANIC DAIRY MARKET NEWS DATED JULY 24-28, 2023 REPORTS YEAR-TO-DATE SALES OF ORGANIC MILK PRODUCTS ARE DOWN 1.6 PERCENT FROM THE PRIOR YEAR. AS ORGANIC DAIRY PRODUCTION COSTS HAVE INCREASED IN RECENT YEARS, THE PRICE PREMIUM OF FLUID ORGANIC MILK OVER CONVENTIONAL MILK HAS ERODED, LEAVING ORGANIC DAIRY PRODUCERS MOST OF THEM SMALL FAMILY FARMS WITH SHRINKING ON-FARM PROFITS THAT THREATEN THEIR LIVELIHOOD. TO ADDRESS THIS CHALLENGING ISSUE, RUMIANO CHEESE COMPANY, AN AGRICULTURAL BUSINESS THAT AGGREGATES, PROCESSES, AND MARKETS VALUE-ADDED ORGANIC DAIRY PRODUCTS MADE FROM MILK PRODUCED BY 27 NORTHERN CALIFORNIA DAIRY PRODUCERS, SEEKS TO EXPAND IN-HOUSE PROCESSING CAPACITY TO MAKE AND MARKET INNOVATIVE, HIGH-DEMAND ORGANIC DAIRY PRODUCTS IN CHANNELS THAT OFFER A HIGHER PRICE PREMIUM OVER FLUID MILK (PROJECT PURPOSE). ACTIVITIES TO BE PERFORMED WILL INCLUDE 1) INSTALLING A STATE-OF-THE-ART PROCESSING LINE TO UPCYCLE ORGANIC CHEESE TRIM INTO VALUE-ADDED SAUCES, DIPS AND SPREADS 2) ACQUIRING ADDITIONAL EQUIPMENT TO CREATE ARTISANAL SPECIALTY CHEESE WHEELS IN-HOUSE AND 3) EXPANDING MARKETING, SALES, AND INNOVATION TO GAIN RETAIL ACCESS AND BUILD CONSUMER DEMAND FOR THE EXPANDED VOLUME PRODUCED THROUGH THIS PROJECT. THIS VENTURES GOALS ARE TO PROCESS AN ADDITIONAL 32,372,700 POUNDS OF FLUID MILK AND CHEESE TRIM, GENERATING APPROXIMATELY 31.5 MILLION IN SALES REVENUE AND BENEFITING 27 NORTHERN CALIFORNIA PASTURE-BASED ORGANIC DAIRY PRODUCERS (PROJECT BENEFICIARIES) DURING THE PROJECT PERIOD. KEY PARTNERS ALSO INCLUDE THE CALIFORNIA ARTISAN CHEESE GUILD THE CALIFORNIA MILK ADVISORY BOARD THE WESTERN ORGANIC DAIRY PRODUCER ALLIANCE (WODPA) AND WESTERN UNITED DAIRIES, ALL OF WHOM WILL SUPPORT THE PROJECT THROUGH DATA AND INFORMATION SHARING WITH ORGANIC AND DAIRY INDUSTRY STAKEHOLDERS, INCLUDING HISTORICALLY UNDERSERVED PRODUCERS. ADDITIONALLY, LOCAL PROJECT PARTNERS CAL POLY HUMBOLDT, THE CRESCENT CITY DEL NORTE CHAMBER OF COMMERCE AND THE WILLOWS CHAMBER OF COMMERCE WILL ENSURE LOCAL ENGAGEMENT AND PARTICIPATION THAT EXTENDS THE PROJECT S BENEFITS THROUGHOUT THE UNDERSERVED COMMUNITIES IN WHICH RUMIANO IS BASED.",2024,6000000.0,87,600000.0,94,181
713,23OMDGPA0101,"SNIPES FARM AND EDUCATION CENTER, INC",Snipes Farm and Education Center,"THIS IS AN EQUIPMENT-ONLY PROJECT GRANT REQUEST.PURPOSE: TO EXPAND PRODUCTION OF CERTIFIED ORGANIC VALUE-ADDED PRODUCTS TO MEET DEMAND AT OUR GROWING SMALL FARM MARKET, THROUGH THE PURCHASE AND INSTALLATION OF NEEDED FOOD-PROCESSING EQUIPMENT. OUR ON-FARM MARKET HAS GROWN SUBSTANTIALLY SINCE BEING FOUNDED IN 2020. PRIOR TO THIS WE SOLD IN COMMUNITY-BASED MARKETS. WE NOW WANT TO OFFER VALUE-ADDED PRODUCTS TO MEET CUSTOMER DEMAND, PROCESSING VEGETABLES HARVESTED FROM OUR OWN USDA PCO CERTIFIED FIELDS. WE WILL OFFER THIS ORGANIC LINE OF PRODUCTS TO INCREASE FARM INCOME AND DEVELOP AND EXPAND OUR ORGANIC PRODUCT SALES. THIS WILL LEAD TO ADDITIONAL PRODUCT PLACEMENTS WITH EXTERNAL VENDORS.WE HAVE IDENTIFIED EQUIPMENT TO PURCHASE FOR THE PRODUCTION OF VALUE-ADDED ORGANIC PRODUCTS: A $25,257 INDUCTION RANGE, $15,140 INDUCTION OVEN, $4,040 STORAGE FREEZER, $5,084 STORAGE REFRIGERATOR, AND A $5,303 VACUUM PACKAGING MACHINE TO INCREASE ORGANIC PRODUCT SALES AND ALLOW NEW ON-FARM PRODUCTION OF ORGANIC PRODUCTS. PRODUCTS INCLUDE TOMATO   HOT SAUCES, APPLESAUCE, BERRY JAMS, PICKLED VEGETABLES, TEAS, HERBS, HERBAL PRODUCTS AND DEHYDRATED PRODUCTS. THIS INCLUDES AN ELECTRICAL INSTALLATION TO INCLUDE A NEW ELECTRIC PANEL THAT WILL ACCOMMODATE ENERGY EFFICIENT ALL-ELECTRIC EQUIPMENT FOR AN ESTIMATE OF $12,059 AND A GRAND TOTAL FOR THE EQUIPMENT-ONLY PROJECT OF $67,883. ADDITIONAL USDA PCO CERTIFICATIONS WILL BE OBTAINED FOR NEW PRODUCTS. PROCEDURES WILL BE DESIGNED AND TRAINING ENACTED TO ENSURE FOOD SAFETY AS EACH NEW PRODUCT IS ROLLED OUT. ADDITIONAL USDA PCO CERTIFICATION WILL BE OBTAINED FOR OUR VALUE-ADDED PRODUCTS.  OUTCOMES: OUR GOAL IS TO ACHIEVE A 20% ($17,313) ANNUAL INCREASE IN FARM MARKET SALES OF ORGANIC PRODUCTS THROUGH OFFERING VALUE-ADDED CERTIFIED ORGANIC PRODUCTS. IMPROVED SALES WILL ALLOW OUR SMALL ORGANIC FARM TO THRIVE, INCREASING HIRING AND WAGES OF FARM EMPLOYEES, AND INCREASING OUR CUSTOMERS  KNOWLEDGE AND INTEREST IN ORGANIC PRODUCTS, LOCAL FARMS AND FOOD BUSINESSES IN OUR AREA. AS A NONPROFIT, NUTRITION EDUCATION AND HUNGER RELIEF ARE ALSO KEY TO OUR MISSION OUTCOMES IN THE COMMUNITY AS WE GROW AND DELIVER ORGANIC FOOD TO AGENCIES IN THE AREA THAT FEED SENIORS, THE EMERGENCY SHELTER, FOOD PANTRIES AND THE FOOD INSECURE.",2024,24318.13,95,24318.13,100,195
730,23OMDGWA0068,SNOWGRASS FARM LLC,Snowgrass Farm LLC,"SNOWGRASS FARM, A WOMAN-OWNED OPERATION LOCATED IN RURAL EASTERN WASHINGTON HAS THE PRIMARY GOAL OF ACQUIRING A KUBOTA SVL75-2 COMPACT TRACK LOADER IS TO EXPAND PRODUCTION AND HARVEST IN THE WINTER MONTHS BY CREATING PHYSICAL ACCESS TO OUR HEATED HIGH TUNNEL AND OTHER AREAS CURRENTLY INACCESSIBLE DUE TO HEAVY WINTER SNOW LOADS. BY EXPANDING GROWING PRODUCTION IN THE WINTER IN OUR HEATED TUNNEL, WE WILL INCREASE THE FARMS PRODUCTIVITY BY NEARLY 30 AND BE ABLE TO PROVIDE OUR COMMUNITY YEAR-ROUND ACCESS TO ORGANICALLY GROWN PRODUCE. THE COST OF THE TRACK LOADER WITH NECESSARY ATTACHMENTS WILL COST 86,935. THE ATTACHMENTS INCLUDE A SNOWBLOWER, BUCKET AND PALLET FORK.THE FARM CURRENTLY FUNCTIONS USING A SMALL WALK-BEHIND SNOWBLOWER, WHICH CAN CREATE WALKING PATHS, BUT IS UNABLE TO MAINTAIN A FULL ROAD ACCESS TO OUR TUNNELS, WHICH WE NEED IN ORDER FOR A PROPANE TRUCK TO REFILL THE TANKS FOR THE HEATER, AS WELL AS FOR TRANSPORTING SEED, PLANTING MATERIALS, THE WASHING, PACKING AND DELIVERING HARVESTED CROPS. WE COULD GROW IN OUR TWO UNHEATED TUNNELS IN ADDITION TO OUR LARGER HEATED TUNNEL IF WE HAD AN EFFECTIVE WAY TO REMOVE THE SNOW FROM THE SIDES OF THE TUNNELS WHICH THE LOADER CAN ACCOMPLISH. FOR OUR UNHEATED TUNNELS THIS WOULD ENABLE US TO PLANT A CROP IN THE FALL THAT WE WOULD HARVEST IN THE SPRING. RIGHT NOW WE MUST REMOVE THE PLASTIC ON THESE UNHEATED TUNNELS AS SNOW LOADS BEND THE FRAMES, RIP THE PLASTIC DESPITE OUR BEST EFFORTS TO KEEP THEM CLEARED.WEVE CHOSEN THIS TOOL OVER A TRACTOR AS IT IS A BETTER FIT FOR OUR FARM. WE GROW INTENSIVELY THROUGHOUT THE GROWING SEASON, WHICH MEANS WE HAVE TIGHT GROWING SPACES, MAKING IT HARD TO BRING LARGER, BULKIER MACHINERY ONTO THE FARM AS THERE IS MINIMAL SPACE FOR IT TO MANEUVER. A COMPACT TRACK LOADER WILL BE ABLE TO WORK EASILY IN OUR TIGHT SPACES WHILE STILL BEING HUGELY HELPFUL AND EFFECTIVE. THE FARM DOES NOT HAVE ANY OTHER HEAVY MACHINERY BESIDES OUR WALK-BEHIND TILLER AND OUR SNOWBLOWER, MAKING MOVING LARGE AMOUNTS OF MATERIAL CHALLENGING.IN THE WINTER MONTHS WE WILL HARVEST ROTATIONAL CROPS IN OUR HEATED TUNNEL INCLUDING GREENS AND ROOT VEGETABLES THAT PROVIDE OUR COMMUNITY DIRECTLY WITH FRESH FOOD. WE WILL THEN ROTATE THIS SPACE INTO TOMATOES, PEPPERS AND BEANS WHICH BENEFIT FROM THE WARMER SPRING TEMPERATURES THE TUNNELS CAN PROVIDE. BASED ON THE 2,760 SQ FT IN THE HEATED TUNNEL, WE WILL BE ABLE TO PRODUCE THE EQUIVALENT OF NEARLY 1,000LBS OF GREENS DURING THIS TIME WHEN WE PREVIOUSLY PRODUCED NOTHING. WE WILL GROW SPECIFIC CROPS THAT ALLOW FOR CONTINUOUS HARVEST, PROVIDING A VERY EFFICIENT USE OF PRODUCTION SPACE.BENEFICIARIES OF THESE CROPS WILL BE OUR LOCAL COMMUNITY. WE WILL PREDOMINANTLY SELL PRODUCTS THROUGH OUR TWO LOCAL GROCERS AND OUR LOCAL FOOD BANK, WHICH IS ABLE TO PURCHASE PRODUCE LOCALLY THROUGH FUNDING FROM GRANTS. THIS WILL ALSO HELP CREATE JOBS PREVIOUSLY UNAVAILABLE DURING THESE MONTHS, ALLOWING US TO HIRE ONE STAFF PERSON IN JANUARY AND THE REST OF OUR STAFF 1 MONTH EARLIER FOR THE EARLIER PLANTINGS DUE TO IMPROVED ACCESS FROM THE COMPACT TRACK LOADER.ADDITIONAL GOALS FOR ACQUIRING THIS MACHINERY WOULD INCLUDE UTILIZING IT TO ENHANCE OUR ORGANIC PRACTICES IN THE NON-WINTER MONTHS. WE WOULD BE ABLE TO BUILD ON-SITE COMPOST AS WE WOULD HAVE THE MACHINERY TO PROPERLY FLIP AND TURN OUR EXISTING COMPOST PILES. CURRENTLY OUR PILES REMAIN UNUSABLE AS THEY ARE TOO LARGE FOR US TO FLIP OR INCORPORATE MATERIALS PROPERLY BY HAND. THIS ADDITION OF FARM-MADE COMPOST WOULD INCREASE THE FARMS OUTPUT BY ENRICHING OUR SOIL FERTILITY AND PLANT HEALTH IN WAYS THAT INCREASE PRODUCTIVITY. THE TRACK LOADER WOULD HELP US MOVE LARGE AMOUNTS OF MULCHING MATERIALS THROUGHOUT THE FARM, WHICH HELPS ELIMINATE WEED PRESSURE AND INCREASE WATER ABSORPTION AND RETENTION IN THE SOIL. WE WOULD ALSO BE ABLE PURCHASE ORGANIC AMENDMENTS AND POTTING SOIL IN BULK AS WE WOULD HAVE THE MEANS TO MOVE THE LARGE QUANTITIES OF MATERIALS.",2024,86935.0,100,86935.0,100,200
723,23OMDGTX0107,SPICY ORGANIC LLC,Spicy Organic LLC,"SPICY ORGANIC LLC IS EXCITED TO PROPOSE A TRANSFORMATIVE PROJECT DESIGNED TO ENHANCE ITS ORGANIC INGREDIENT PROCESSING AND PACKAGING OPERATIONS. THIS INITIATIVE INCLUDES ACQUIRING AN AUGER FILLER, A BAND SEALER, AND A DELIVERY VAN. THESE UPGRADES WILL SIGNIFICANTLY BOOST PRODUCTION CAPABILITIES, ENHANCE STORAGE CAPACITY, EXPAND MARKET REACH, PROMOTE A HEALTHIER LIFESTYLE, AND IMPROVE THE AVAILABILITY OF ORGANIC INGREDIENTS IN BOTH ESTABLISHED AND EMERGING MARKETS. BY INVESTING IN THIS ESSENTIAL EQUIPMENT, SPICY ORGANIC LLC WILL BE ABLE TO MEET THE GROWING DEMAND FOR FRESH, HIGH-QUALITY ORGANIC INGREDIENTS, EXPAND ITS CUSTOMER BASE TO INCLUDE UNDERSERVED COMMUNITIES, AND INCREASE ITS PRESENCE AT FARMERS MARKETS, COMMUNITY EVENTS, AND NATURAL HEALTH EXPOS. ADDITIONALLY, THE NEW EQUIPMENT WILL HELP REDUCE BOTTLENECKS IN OUR DELIVERY SYSTEM, ENSURING SMOOTHER AND FASTER DISTRIBUTION OF OUR ORGANIC PRODUCTS.",2024,93866.76,100,93866.76,100,200
719,23OMDGTX0053,STEELBOW FARM LLC,Steelbow Farm LLC,"THE OVERARCHING PURPOSE OF THE PROPOSED PROJECT IS TO EXPAND ACCESS TO LOCAL, ORGANIC PRODUCE ELIMINATING THE CURRENT CONSTRAINT OF DISTANCE AND DELIVERY RADIUS WHILE SIMULTANEOUSLY ADDRESSING THE GROWING DEMAND FOR OUR PRODUCT IN OUR CURRENT MARKETPLACE. STEELBOW FARM IS SEEKING TO PURCHASE A REFRIGERATED DELIVERY VAN SO WE CAN EXPAND OUR MARKETS AND EXPAND ACCESS TO LOCAL FOOD THROUGHOUT CENTRAL TEXAS. THIS WILL ALSO PLAY A ROLE IN STRENGTHENING THE LOCAL FOOD SUPPLY CHAIN AS WE WILL CONTINUE TO DIRECTLY MARKET OUR PRODUCTS TO CONSUMERS. THE LARGER CONTEXT IN WHICH THE FARM IS OPERATING MAKES OUR PROPOSED PROJECT EVEN STRONGER. AUSTIN AND TRAVIS COUNTY ARE FACING A REAL EXISTENTIAL THREAT WHEN IT COMES TO LOCAL FOOD. THE NUMBER OF ORGANIC FARMS IS DWINDLING, FARMLAND LOSS IS RAPID AND SIGNIFICANT AND LOCAL FOOD CONSUMPTION IS BELOW 1 . HOWEVER, DEMAND FOR LOCAL FOOD IS SKYROCKETING. THE FARM IS IN AN UNUSUAL POSITION, WHERE DEMAND IS MORE THAN WE CAN PRODUCE. OUR FARM IS A FIXTURE OF ORGANIC VEGETABLE PRODUCTION IN AUSTIN. WE ARE LOOKING FOR PATHWAYS TO EXPAND PRODUCTION AND MEET THE DEMANDS OF A COMMUNITY THAT HAS LITTLE OPTIONS WHEN IT COMES TO ORGANIC PRODUCE. STEELBOW FARM WANTS TO SCALE AND PROVIDE FOR MARKETS THAT ARE HUNGRY FOR OUR PRODUCT. WE THINK A SIMPLE SOLUTION IS TO BROADEN OUR DELIVERY RANGE AND BRING NEW MARKETS INTO THE MIX. WE HAVE ALREADY RECEIVED INQUIRIES ABOUT WORKING WITH NEW WHOLESALE ACCOUNTS ACROSS CENTRAL TEXAS. WE BELIEVE THE BEAUTY OF THIS PROJECT IS ITS SIMPLICITY AND EFFECTIVENESS. THE ACTIVITIES TO PERFORM ARE VERY EASILY ACHIEVABLE. WE WILL PROCURE QUOTES FOR THE DELIVERY VEHICLE AND THE REFRIGERATION INSTALL. THEN, IF FUNDING IS ALLOCATED WE WILL BE ABLE TO PURCHASE THE VEHICLE AND WORK WITH THE TECHNICIANS AT THERMO KING TO REFRIGERATE IT. AFTER THAT, THE VAN WILL BE UTILIZED IMMEDIATELY TO MAKE DELIVERIES TO EXISTING CUSTOMERS AND BROADEN CAPACITY TO SEEK NEW ONES. WE CAN TRACK SALES FOR EACH NEW CUSTOMER AND MILES TRAVELED TO ATTEST TO A BROADER IMPACT THROUGHOUT CENTRAL TEXAS. A 2024 SPRINTER CARGO VAN WILL ALLOW FOR A DRASTIC UPTICK IN FRESH, LOCAL PRODUCE IN OUR LOCAL COMMUNITY AND MARKET. THE DELIVERABLES WILL BE SEEN QUICKLY AND FELT VERY TANGIBLY FOR OUR PARTNERS AND CUSTOMERS. AGAIN, WE BELIEVE THAT THE DIRECT IMPACT OF THIS PROJECT WILL BE EASY TO TRACK AND EASY TO SEE AND FEEL. THE PROJECTED DELIVERABLES ARE A 15 INCREASE IN ANNUAL GROSS SALES, AND AN INCREASE IN PRODUCTION OFF OF THE FARM BY 15,000 LBS EACH YEAR. THIS PROGRESS CAN BE EASILY TRACKED AND MEASURED IN QUICKBOOKS. WHILE THIS MAY SEEM SMALL COMPARED TO COMMODITY CROPS, AN INCREASE LIKE THIS FOR A SMALL FARM AND BUSINESS IS HUGELY SIGNIFICANT AND VERY IMPACTFUL TO OUR COMMUNITY. WITH A NEW, REFRIGERATED DELIVERY VEHICLE WE ARE TARGETING NEW MARKETS FURTHER FROM AUSTIN, INCLUDING BUT NOT LIMITED TO: SAN ANTONIO, LOCKHART AND SAN MARCOS. AS MUCH OF CENTRAL TEXAS HAS A LOW PERCENTAGE OF LOCALLY GROWN FOOD CONSUMED, THIS INCREASE IS SIGNIFICANT AND AN OUTCOME WITH HUGE BENEFITS FOR THE LOCAL ECONOMY AND THE DISTRIBUTION OF ORGANIC FOOD. THE BENEFICIARIES OF THIS PROJECT ARE THE FARM BUSINESS, OUR EMPLOYEES, WHOLESALE CUSTOMERS SUCH AS RESTAURANTS AND LOCAL DISTRIBUTORS AND THE PEOPLE OF CENTRAL TEXAS. SO, ULTIMATELY MUCH OF THE LOCAL FOOD SYSTEM WILL DIRECTLY BENEFIT FROM THIS PROJECT. THE FARM AS AN ORGANIZATION WILL BENEFIT HUGELY FROM AN INCREASED CAPABILITY TO SELL AND DISTRIBUTE OUR PRODUCE TO A WIDER CUSTOMER BASE IMPACTING OUR OVERALL SALES AND NET PROFITS. THIS WILL INCREASE OUR VIABILITY AS A PROFITABLE AND STABLE BUSINESS AND SECURE OUR PLACE WITHIN THE LOCAL FOOD ECOSYSTEM. CURRENTLY, WE CANNOT ALWAYS MEET DEMAND FROM OUR WHOLESALE CUSTOMERS. OUR WHOLESALE PARTNERS AND CUSTOMERS WILL BENEFIT FROM EXPANDED ACCESS TO OUR PRODUCT. A WIDER DELIVERY RANGE WILL ALLOW A LARGER CONSUMER BASE TO ACCESS LOCAL, ORGANIC FOOD AND AGAIN BUILD MORE RESILIENCE INTO OUR OVERALL FOOD SUPPLY CHAIN.",2024,90372.62,100,90372.62,100,200
641,23OMDGCA0080,"STRAUS FAMILY CREAMERY, INC.","Straus Family Creamery, Inc.","STRAUS FAMILY CREAMERY, INC HAS OVER TWENTY FIVE YEARS EXPERIENCE PROCESSING RAW ORGANIC DAIRY SOURCED FROM A NETWORK OF FARMS IN THE NORTHERN BAY AREA REGION OF CALIFORNIA INTO VALUE-ADDED PRODUCTS. THE GOALS OF THIS GRANT PROPOSAL ARE TO:EXPAND LOCAL DAIRY PROCESSING CAPACITY AND INCREASE REVENUES FOR ORGANIC DAIRY FARMERS IN THE NORTHERN BAY AREA REGION OF CALIFORNIA,HELP PRODUCERS FIND SOLUTIONS TO RISING EXPENSES AND IMPROVE THEIR OVERALL CLIMATE RESILIENCY, SUPPORT CONTINUED GROWTH OPPORTUNITY FOR ORGANIC DAIRY PRODUCERS ANDENSURE OPPORTUNITY FOR THE NEXT GENERATION OF ORGANIC DAIRY PRODUCERS AND, THEREBY, THE FUTURE LOCAL ORGANIC DAIRY SUPPLY. TO ACHIEVE THESE GOALS STRAUS FAMILY CREAMERY WILL INSTALL NEW PROCESSING EQUIPMENT, INCREASING OUR YOGURT AND ICE CREAM-MAKING CAPACITY BY 200%. THIS EXPANDED CAPACITY WILL ALLOW US TO INCREASE OUR FLUID MILK PURCHASES BY OVER THREE MILLION GALLONS PER YEAR AT A 12.5% ORGANIC PREMIUM PRICE TO FARMERS. WE WILL PURSUE NATIONAL DISTRIBUTION FOR THESE PRODUCTS THROUGH EXISTING KEY RETAIL PARTNERSHIPS, INCREASING THE VALUE OF ORGANIC YOGURT AND ORGANIC ICE CREAM SUPPLY BY $10.4 MILLION. TO FURTHER ADDRESS THE CRISIS FACING REGIONAL ORGANIC DAIRY PRODUCERS WE WILL OFFSET THE COST OF CREATING CARBON FARM PLANS FOR UP TO TEN DAIRIES IN OUR NETWORK, CONTRIBUTING TO A REDUCTION OF FEED COSTS AND A STRENGTHENING OF CLIMATE RESILIENCY FOR THESE FARMS. WE WILL ALSO WORK WITH CHICO STATE UNIVERSITY TO PROVIDE EDUCATION AND TECHNICAL ASSISTANCE TO DAIRY STUDENTS INTERESTED IN TRANSITIONING THEIR FAMILY DAIRY TO ORGANIC AND OR PURSUING A JOB IN ORGANIC DAIRY.",2024,6000000.0,100,600000.0,94,200
659,23OMDGHI0079,SYMBROSIA INC,Symbrosia Inc,"SYMBROSIA S SEAGRAZE, A NATURAL SEAWEED FEED ADDITIVE, REDUCES ENTERIC METHANE EMISSIONS BY OVER 80%, EARNING IT RECOGNITION AS  THE SEAWEED THAT COULD SAVE THE PLANET.  USDA ORGANIC CERTIFIED, IT PROVIDES UNMATCHED VALUE TO RANCHERS AND THE ENVIRONMENT. CULTIVATED IN KONA, HAWAI I, THE FAST-GROWING SEAWEED IS PROCESSED INTO PELLETS, BENEFITING RANCHERS ACROSS THE UNITED STATES. THE USDA ORGANIC MARKET DEVELOPMENT GRANT (OMDG) OFFERS A UNIQUE OPPORTUNITY FOR SYMBROSIA TO ADVANCE ITS MISSION OF REDUCING LIVESTOCK METHANE EMISSIONS AND PROMOTING SUSTAINABILITY BY INCREASING ORGANIC FEED PRODUCTION.WITH OMDG FUNDING, SYMBROSIA PLANS TO EXPAND PRODUCTION CAPACITY BY OVER 1600%, IMPROVING THE MARKET AVAILABILITY OF DOMESTICALLY PRODUCED ORGANIC PRODUCTS. THE FUNDING WILL DRIVE INVESTMENT IN EXPANDED PRODUCTION AND PROCESSING CAPACITY, CAPTURING A LARGER SHARE OF THE ORGANIC FEED SUPPLEMENT MARKET. A TARGETED MARKETING INITIATIVE WILL ATTRACT MORE ORGANIC PRODUCERS, OFFERING A FEED SUPPLEMENT THAT REDUCES GREENHOUSE GASES, SAVES ON CARBON CREDITS FOR LARGE-SCALE CATTLE RANCHING, AND ADDRESSES SOCIAL PRESSURE ON THE CATTLE INDUSTRY.SELECTING SYMBROSIA AS AN OMDG AWARDEE WILL ENHANCE ACCESSIBILITY AND MARKET POSITIONING OF ORGANIC FEED ADDITIVES, PLACING THE UNITED STATES AT THE FOREFRONT OF ORGANIC AND CLIMATE-SMART LIVESTOCK PRACTICES. THIS INITIATIVE HOLDS THE POTENTIAL TO DRIVE SIGNIFICANT REDUCTIONS IN LIVESTOCK GREENHOUSE GAS EMISSIONS WHILE FOSTERING A SUSTAINABLE AND INNOVATIVE AGRICULTURAL INDUSTRY.",2024,1918273.0,100,98283.0,75,200
711,23OMDGPA0097,TUSCARORA GRAIN CO LLC,TUSCARORA GRAIN CO LLC,"UNDER THE HARNESSING ORGANIC MARKET EXPANSION THROUGH PELLETIZING ASSISTANCE (HOME PA) PROJECT, TUSCARORA GRAIN CO LLC (TGC) WILL PURCHASE AND INSTALL A CENTURY PELLET MILL INTO THE TGC PROCESSING FACILITY IN TAMAQUA, PENNSYLVANIA. THIS MILL WILL INCREASE LOCAL CAPACITY FOR PELLETIZING CURRENTLY UNDERUTILIZED ORGANIC BYPRODUCTS INTO NEW VALUE-ADDED PRODUCTS WITH READY MARKETS. THE PROJECT WILL BUILD THE ORGANIC LIVESTOCK FEED SUPPLY CHAIN CAPACITY, REMOVE BARRIERS FOR NEW ORGANIC MARKET DEVELOPMENT, AND BENEFIT ORGANIC PRODUCERS BY ACCOMPLISHING THE FOLLOWING OBJECTIVES:- OBJECTIVE 1: INSTALL ORGANIC-APPROVED PELLETIZING EQUIPMENT CAPABLE OF PROCESSING 24 TONS DAY. - OBJECTIVE 2: IMPROVE ORGANIC SUPPLY CHAIN CAPACITY AND ORGANIC PRODUCT DEVELOPMENT IN PENNSYLVANIA BY PROVIDING THIRD-PARTY PROCESSING TO LOCAL ORGANIC PRODUCERS AND FEED MILLS - OBJECTIVE 3: INCREASE THE PENNSYLVANIA ORGANIC COMMUNITYS ACCESS TO AN ORGANIC SOIL AMENDMENT BY XXX TONS YEAR.THESE OBJECTIVES ALIGN WITH THE PURPOSE OF THE PROGRAM BY:- EMPOWERING LOCAL ORGANIC GRAIN PRODUCERS AND FEED MILLS TO ENGAGE WITH NEW MARKETS THROUGH ACCESS TO PREVIOUSLY UNAVAILABLE CONTRACT PELLETIZING.- CREATING A NEW MARKET FOR DOMESTICALLY PRODUCED ORGANIC BYPRODUCTS BY EXPANDING TGCS CAPACITY FOR PROCESSING, AGGREGATION, AND DISTRIBUTION.- REDUCING POTENTIAL WASTE FROM GRAIN AND ANIMAL PROCESSING BY OFFERING VALUE-ADDED PRODUCT DEVELOPMENT OPPORTUNITIES.- INCREASING ORGANIC PRODUCTION IN PENNSYLVANIA BY OFFERING A NITROGEN-RICH SOIL AMENDMENT WHICH CAN BE USED ON ORGANIC CROPS.- REDUCING RELIANCE ON ORGANIC GRAIN IMPORTS DUE TO INCREASED PRODUCTION CAPACITY IN PENNSYLVANIA.",2024,100000.0,100,100000.0,100,200
7593,AM22PRSWA3745,"TAPENADE, INC.","Tapenade, Inc. DBA Wilridge Winery","THIS GRANT SUPPORTS THE COSTS INCURRED TO IMPLEMENT MEASURES TO RESPOND TO THE NOVEL CORONAVIRUS 2019 (COVID-19), WHICH MAY INCLUDE WORKPLACE SAFETY, MARKET PIVOTS, RETROFITTING FACILITIES, TRANSPORTATION, WORKER HOUSING, AND MEDICAL EXPENSES. IT PROVIDES NEEDED RELIEF TO THE FOOD PROCESSORS, DISTRIBUTORS, FARMERS MARKETS, AND PRODUCERS FOR THEIR COSTS INCURRED BETWEEN JANUARY 27, 2020, THE DATE UPON WHICH THE PUBLIC HEALTH EMERGENCY WAS DECLARED BY THE U.S. DEPARTMENT OF HEALTH AND HUMAN SERVICE (HHS) UNDER SECTION 319 OF THE PUBLIC HEALTH SERVICE ACT, AND DECEMBER 31, 2021. BENEFICIARIES INCLUDE THE EMPLOYEES OF THE FOOD PROCESSORS, DISTRIBUTORS, FARMERS MARKETS, AND PRODUCERS.",2022,20000.0,90,2054000.0,88,178
8432,AM24STPDP000C006,"AGRICULTURE, TEXAS DEPARTMENT OF",Texas Department of Agriculture,"THE PURPOSE OF THIS AWARD IS TO FUND THE STATE’S WORK IN SUPPORT OF THE PESTICIDE DATA PROGRAM (PDP).  THE STATE WILL COLLECT FOOD SAMPLES IN THEIR STATE AND SHIP THE SAMPLES TO THE ASSIGNED LABORATORIES PER THE ESTABLISHED SCHEDULE.  THE FOODS, WHICH FOCUS ON THOSE MOST FREQUENTLY CONSUMED BY INFANTS AND CHILDREN, ARE SPECIFIED IN THE CURRENT PDP PROJECT PLAN THAT IS POSTED ON THE PDP WEBSITE.  THE STATE LABORATORY WILL PERFORM CHEMICAL ANALYSES ON THE ASSIGNED SAMPLES FOR PESTICIDE RESIDUES, INCLUDING PARENT COMPOUNDS AND METABOLITES.  THE RESULTS OF THE RESIDUE ANALYSIS WILL BE REVIEWED BY THE STATE QUALITY ASSURANCE OFFICER AND SENT TO PDP AS AN ELECTRONIC DATASET.  ALL WORK WILL BE CONDUCTED ACCORDING TO STANDARD OPERATING PROCEDURES THAT ARE AVAILABLE ON THE PDP WEBSITE. THE DELIVERABLE OF THE SAMPLING OPERATION IS TO PROVIDE THE REQUESTED SAMPLES TO THE LABORATORIES, AND THE DELIVERABLE OF THE LABORATORY IS TO PROVIDE THE PESTICIDE RESIDUE DATA TO PDP.  THE INTENDED BENEFICIARIES INCLUDE THE ENVIRONMENTAL PROTECTION AGENCY, WHO USES THE DATA TO PREPARE DIETARY RISK ASSESSMENTS FOR PESTICIDES; THE FOOD AND DRUG ADMINISTRATION WHO USES THE ROUTINE MONITORING DATA FROM PDP TO INFORM THEIR REGULATORY ENFORCEMENT OF ESTABLISHED LIMITS OF PESTICIDE RESIDUES IN FOOD; THE USDA FOREIGN AGRICULTURAL SERVICE WHO MAY USE THE DATA IN TRADE NEGOTIATIONS; AND AMERICAN CONSUMERS WHO USE THE DATA TO HELP ENSURE THEIR CONFIDENCE IN THE FOOD THEY PURCHASE FOR THEIR FAMILIES.",2024,1040000.0,95,100000.0,94,189
734,23OMDGWI0076,"THE DELONG CO., INC.","The DeLong Co., Inc.","THE DELONG CO., INC. (DELONG) HAS SPENT 35 YEARS WORKING IN THE ORGANIC MARKET, BUILDING AND MAINTAINING RELATIONSHIPS WITH PRODUCERS, TRANSPORTATION COMPANIES, AND END USERS. THIS EXPERIENCE HAS ENCOURAGED DELONG TO APPLY FOR THE ORGANIC MARKET DEVELOPMENT GRANT (OMDG) PROGRAM. BY STRATEGICALLY ALLOCATING THESE FUNDS, DELONG AIMS TO REVOLUTIONIZE THE CONSUMPTION OF DOMESTICALLY GROWN ORGANIC GRAINS AND LIVESTOCK FEED. BASED IN CLINTON, WISCONSIN, THE PROJECT ORGANIC PATHWAYS: FOSTERING DOMESTIC CONSUMPTION THROUGH STREAMLINED GRAIN DISTRIBUTION PROVIDES DIRECT ACCESS TO THE UNION PACIFIC RAILROAD AND THE BELT RAILWAY COMPANY OF CHICAGO, WHICH OFFER SEAMLESS CONNECTIVITY TO ALL CLASS 1 RAILROADS IN THE U.S.THROUGH CRITICAL INVESTMENTS IN INFRASTRUCTURE, EQUIPMENT, AND TRANSPORTATION CAPABILITIES, OUR PROJECT AIMS TO ADDRESS THE BARRIERS OF LIMITED STORAGE CAPACITY, INADEQUATE QUALITY CONTROL MEASURES, SEGREGATION CHALLENGES, TRACEABILITY, AND TRANSPORTATION CONSTRAINTS WHILE STIMULATING INCREASED DEMAND FOR ORGANIC PRODUCTS WITHIN THE U.S. THIS PROJECT IS EXPECTED TO CREATE OVER 36 MILLION POUNDS OF ORGANIC CORN DEMAND BY INCREASING CURRENT STORAGE CAPACITY BY 140,000 BUSHELS, IMPLEMENTING PROPER EQUIPMENT TO SEGREGATE ORGANIC CORN FROM CONVENTIONAL CORN, AND ADDING 15 RAILCARS THROUGHOUT THE THREE-YEAR PROJECT DURATION.ORGANIC PATHWAYS: FORESTING DOMESTIC CONSUMPTION THROUGH STREAMLINE GRAIN DISTRIBUTION SEEKS TO CREATE POSITIVE IMPACTS FOR ORGANIC GRAIN PRODUCERS WITHIN DELONGS CUSTOMER BASE. DELONG HAS PURCHASED ORGANIC GRAIN FROM 697 PRODUCERS IN WISCONSIN AND ILLINOIS, 70% OF WHOM ARE SMALL PRODUCERS WITH LESS THAN 300 ACRES OF LAND. PROVIDING PRODUCERS WITH INCREASED BENEFITS IS OF THE UTMOST IMPORTANCE TO DELONG. ULTIMATELY, DELONG HOPES TO SHARE THIS PROJECTS FINDINGS AND SUCCESSES WITH EXISTING AND FUTURE PRODUCERS IN AN EFFORT TO BOTH ELIMINATE ENTRY BARRIERS AND PROVIDE A NET INCREASE IN DOMESTIC CONSUMPTION OF ORGANIC GRAIN.DELONGS CLINTON, WI FACILITY, LOCATED ON THE UP RAILROAD, HAS FACILITATED THE DEVELOPMENT OF RELATIONSHIPS BETWEEN DELONG, THE UP, AND VOLKMANN RAILROAD BUILDERS. DELONG HAS BEEN LOADING RAIL AT THIS LOCATION SINCE THE ELEVATOR WAS BUILT IN 1973. DELONG AND THE UP HAVE WORKED TOGETHER IN THE PLACEMENT, PICK-UP, AND DELIVERY OF RAILCARS. COMMUNICATION BETWEEN THE TWO PARTIES IS CONSISTENT AND FREQUENT, SO ADDITION OF RAILCARS DOES NOT POSE ANY RISK. VOLKMANN RAILROAD BUILDERS HAS BEEN IN CHARGE OF RAILROAD MAINTENANCE FOR MANY YEARS. BOTH THE UP AND VOLKMANN HAVE COMMITTED TO PARTNERING WITH DELONG ON THIS PROJECT WHICH WILL BE CRITICAL FOR THE SUCCESS OF PROJECT IMPLEMENTATION.",2024,8105801.0,100,89180.0,75,200
726,23OMDGVT0072,THORNHILL FARM LLC,"Thornhill Farm, LLC","GRAIN FARMING IS RETURNING TO THE REGION, AND THE TIDE IS RISING. THERE ARE A GROWING NUMBER OF BAKERIES AND DISTILLERIES IN VERMONT AND THE REGION NEEDS ORGANIC GRAIN THAT IS GROWN AND PROCESSED LOCALLY. MANY FARMERS CAN NOT GROW GRAIN BECAUSE THEY LACK THE CAPACITY TO CLEAN, DRY AND OR STORE GRAIN. THE GRAIN DRYING MACHINE AND GRAIN CLEANING MACHINE THAT WE HAVE ASKED FOR IN THIS GRANT WILL BE A GREAT HELP AND BE USED TO PROCESS THE GRAIN OF MANY FARMS.THE PURCHASE AND INSTALLATION OF MORE EFFICIENT GRAIN DRYING AND CLEANING EQUIPMENT TO REPLACE LESS EFFICIENT EQUIPMENT AND HAND LABOR WILL ALLOW US TO:1)ACCEPT AND PURCHASE MORE ORGANIC GRAIN FROM FARMERS ON THE DAY OF HARVEST, AND AFTER, TO DRY AND CLEAN THE GRAIN 2)SUPPORT THE RE-EMERGENCE OF LOCAL AND REGIONAL GRAIN PRODUCTION IN VERMONT, NEW YORK, AND MAINE 3)INCREASE LOCAL ORGANIC GRAIN MARKET AVAILABILITY BY MAKING A GREATER AMOUNT OF GRAIN AND FLOUR AVAILABLE ON THE MARKET FOR BAKING AND SPIRITS 4)AND ULTIMATELY, WILL SUPPORT NORTHEASTERN GRAIN FARMERS, ORGANIC AGRONOMY AND SOIL HEALTH, AND INCREASE REGIONAL GRAIN MARKETS, ALL OF WHICH HELP MITIGATE CLIMATE IMPACTS THROUGH REDUCING CLIMATE MILES, INCREASING ORGANIC AGRONOMY PRACTICES, REDUCING EXPOSURE TO FLOOD AND DROUGHT THROUGH WATER-SOIL INTERACTIONS, AND SEQUESTERING CARBON. THIS EQUIPMENT WILL BE USED AT THORNHILL FARM IN ITS CURRENT LOCATION IN GREENSBORO, VT THROUGH THE SUMMER OF 2024 AND SUBSEQUENTLY MOVED TO THORNHILL FARM, LLC AT THE CHAMPLAIN VALLEY GRAIN CENTER IN FERRISBURGH, VT AFTER THE SUMMER OF 2024. THE CHAMPLAIN VALLEY GRAIN CENTER WILL SUPPORT THOUSANDS OF ACRES OF LAND FOR ORGANIC GRAIN FARMING AND FARMERS IN VERMONT, NEW YORK STATE, AND MAINE. BECAUSE OF THE MORE EFFICIENT EQUIPMENT, THE GRAIN DRYER AND SEPARATOR CLEANER, THE GRAIN CENTER WILL BE ABLE TO PURCHASE AND PROCESS ORGANIC GRAIN, SUPPLYING A MARKET FOR THESE FARMERS.I AM THE PRESIDENT OF THE NORTHERN GRAIN GROWERS COLLABORATIVE, WORKING WITH THE UNIVERSITY OF VERMONT EXTENSION NORTHWEST CROPS AND SOILS PROGRAM. WE ARE FARMERS, MILLERS, BAKERS, MALTERS, DISTILLERS, AND SCIENTISTS ALL WORKING TOGETHER TO SUPPORT GRAIN FARMING IN THE REGION THOUGH OUR WORK. THE NORTHERN GRAIN GROWERS COLLABORATIVE IS PARTNERING WITH THE NATURAL ORGANIC FARMING ASSOCIATION NOFA-VERMONT TO RUN THE TRANSITION TO ORGANIC PARTNERSHIP PROGRAM TOPP WITH FUNDING PROVIDED BY THE USDA. I WILL MANAGE THE TOPP PROGRAM FOR THE NORTHERN GRAIN GROWERS COLLABORATIVE AND WILL OVERSEE FIVE MENTORS TEACHING FIVE MENTEES FARMERS ON THE TRANSITION FROM CONVENTIONAL AGRICULTURE TO ORGANIC. I AM ON THE BOARD OF NOFA-VERMONT AND FEEL THAT ORGANIC AGRONOMY IS VERY IMPORTANT TO OUR FOOD, SOIL SYSTEMS AND CLIMATE CHANGE RESILIENCY.THIS PROJECT ALIGNS WITH THE LARGER PURPOSE OF THORNHILL FARM, LLC AND THE CHAMPLAIN VALLEY GRAIN CENTERS MISSION TO SUPPORT GRAIN FARMING, JOBS, THE WORKING LANDSCAPE AND ORGANIC AGRONOMY IN THE NORTHEAST. GRAIN CLEANING EQUIPMENT IS ALSO KNOWN AS GRAIN GRAVITY SEPARATORS",2024,48552.6,97,48552.6,100,197
718,23OMDGTX0019,"TRIPLE J ORGANICS, LLC","Triple J Organics, LLC","TRIPLE J ORGANICS IS A MINORITY-OWNED CERTIFIED ORGANIC CITRUS ORCHARD IN MISSION, TEXAS ESTABLISHED IN 1995. TRIPLE J MANAGES 25 ACRES OF CERTIFIED ORGANIC CITRUS GROVES, PRIMARILY OF RUBY RED GRAPEFRUIT AND EARLY SEASON ORANGES, AS WELL AS NAVEL ORANGES, MEYER LEMONS, TANGERINES, AND TANGELOS IN SMALLER QUANTITIES. THIS PROJECT, ENTITLED DIVERSIFYING ORGANIC SUPPLY CHAINS FOR SMALL PRODUCERS IN THE RIO GRANDE VALLEY, WILL INCREASE CONSUMPTION OF LOCALLY PRODUCED ORGANIC ORANGE JUICE IN THE RIO GRANDE VALLEY AND INCREASE THE PROFITABILITY AND LONG-TERM VIABILITY OF TRIPLE J ORGANICS THROUGH SPECIAL PURPOSE EQUIPMENT PURCHASES OF COMMERCIAL JUICING EQUIPMENT AND A REFRIGERATED DELIVERY TRAILER. THE NEW EQUIPMENT WILL ENABLE TRIPLE J TO PROCESS 32,000 LBS. OF WASTE OR SECONDS ORANGES INTO FRESH JUICE AND DELIVER IT SAFELY TO NEW AND EXISTING CUSTOMERS IN THE VALLEY OVER TWO YEARS. IN DOING SO, TRIPLE J WILL INCREASE REVENUE ON ORANGES BY 36 . ACTIVITIES INCLUDE COORDINATING PURCHASE OF THE EQUIPMENT, USING AND EVALUATING THE EQUIPMENT FOR TARGETED OUTCOMES, AND COMPLETING USDA REPORTING. THE PROJECT IS SUPPORTED BY THE TEXAS CENTER FOR LOCAL FOOD, SUSTAINABLE FOOD CENTER, AND UNIVERSITY OF TEXAS RIO GRANDE VALLEY CENTER FOR SARA, WHO ARE COMMITTED TO PROVIDING TRIPLE J WITH TECHNICAL ASSISTANCE AROUND MARKET DEVELOPMENT AND REPORTING. THE PROJECT WILL TARGET SCHOOL DISTRICTS AS POTENTIAL CUSTOMERS, AS WELL AS SUPERMARKETS, RESTAURANTS, HEALTH FOOD STORES, DAYCARE FACILITIES, AND ELDERCARE FACILITIES AS NEEDED. BENEFICIARIES INCLUDE TRIPLE J ORGANICS, LOCAL SCHOOLS AND BUSINESSES WHO PURCHASE THE NEW PRODUCT, AS WELL AS OTHER ORGANIC CITRUS GROWERS IN THE VALLEY WHO MAY BE ABLE TO COOPERATE AND AGGREGATE TO PRODUCE A HIGHER MARGIN VALUE-ADDED PRODUCT.",2024,66645.0,100,66645.0,100,200
642,23OMDGCA0096,TURNING GREEN,Turning Green,"SOURCING LOCAL, ORGANIC FOOD FOR CALIFORNIAS K-12 SCHOOL MEAL PROGRAMS. THIS PROJECT WILL LEVERAGE THE MASSIVE PURCHASING SCALE OF THE SCHOOL FOOD SECTOR TO GROW THE ORGANIC SUPPLY CHAIN BY BRINGING TOGETHER SCHOOL FOOD NETWORKS, SMALL DISADVANTAGED ORGANIC FARMERS, AND LOCAL AGRICULTURAL SUPPORT ORGANIZATIONS. WE WILL PROVIDE ADDED TRAINING AND TECHNICAL SUPPORT TO SCHOOL FOOD SERVICE TEAMS AND ORGANIC FARMERS TO ALIGN PLANNING, IMPLEMENTATION, LOGISTICS AND METRICS TO GROW THE SALE OF ORGANIC PRODUCTS TO SCHOOLS IN CALIFORNIA.",2024,711690.0,100,1166250.0,71,200
698,23OMDGNJ0032,TWO RIVER GOURMET MUSHROOMS LLC,Two River Gourmet Mushrooms LLC,"THE USDA ORGANIC SPECIALTY MUSHROOM INDUSTRY HAS WITNESSED REMARKABLE GROWTH AND RECOGNITION IN RECENT YEARS, EMERGING AS A VITAL COMPONENT OF THE AGRICULTURAL AND FOOD SECTORS. THEY ARE VERSATILE AND SUSTAINABLE. MUSHROOMS, WITH THEIR UNIQUE NUTRITIONAL PROFILE, CULINARY VERSATILITY, AND MEDICINAL PROPERTIES, HAVE GARNERED WIDESPREAD ATTENTION, MAKING THE INDUSTRY INCREASINGLY DYNAMIC.THE PURPOSE OF THIS PROJECT PROPOSAL IS TO STRENGTHEN OUR RURAL ORGANIC SPECIALTY MUSHROOM PRODUCTION, PROCESSING, INFRASTRUCTURE AND DISTRIBUTION. RESTAURANTS, SUPERMARKETS, AND SPECIALTY STORES INCREASINGLY OFFER ORGANIC MUSHROOM PRODUCTS, CREATING A DEMAND-DRIVEN MARKET. HOWEVER, THERE IS A CLEARLY DEFINED CHALLENGE THAT HAS BEEN IDENTIFIED CENTERED AROUND EXPANDING INFRASTRUCTURE AND CAPACITY AS WELL AS PROCESSING, STORAGE, SPECIALIZED EQUIPMENT, AND HANDLING SHIPPING, WHICH HAVE NOT KEPT UP WITH THE DEMAND FOR ORGANIC SPECIALTY MUSHROOMS. THE SPECIALIZED EQUIPMENT WILL ALLOW TWO RIVER GOURMET MUSHROOMS TO SCALE PRODUCTION TO MEET OUR LOCAL DEMAND AND ALSO ENSURE RELIABLE, SAFE AND EXCLUSIVE ORGANIC DELIVERY OF OUR PRODUCT TO EXPANDING CONSUMERS. THIS EQUIPMENT WILL MAKE CERTAIN THAT WE ARE ABLE TO TRIPLE OUR PRODUCTION IN SUCCESSFUL CULTIVATION OF HIGH-QUALITY ORGANIC MUSHROOMS, MEETING THE DEMANDS OF THE TARGET MARKET. THE DEDICATED REEFER DELIVERY VAN WILL BREAK THE MARKET ACCESS BARRIER THAT EXISTS BECAUSE OF HANDLING SHIPPING BOTTLENECKS THAT HAVE BEEN DEFINED BY USDA VIA PUBLIC COMMENTS AND LISTENING SESSIONS. THIS WILL ALSO GREATLY STREAMLINE OUR SUPPLY CHAIN PROCESSES, FROM HARVEST TO DISTRIBUTION, TO REDUCE POST-HARVEST LOSSES AND ENSURE EFFICIENT DELIVERY OF OUR ORGANIC MUSHROOMS TO CONSUMERS.THIS PROJECT WILL ACHIEVE CONSISTENT YIELDS AND OPTIMIZE PRODUCTION EFFICIENCY THROUGH INNOVATIVE CULTIVATION METHODS. THESE EXPANDED CAPABILITIES WILL SET AN EXAMPLE OF SUSTAINABLE AGRICULTURAL PRODUCTION. IT WILL ALSO ALLOW FOR THE GENERATION OF EMPLOYMENT OPPORTUNITIES WITHIN THE LOCAL COMMUNITY, INCLUDING FARM WORKERS, TECHNICIANS, AND SALES PERSONNEL. THE PROJECT S SUCCESS WILL CONTRIBUTE TO THE ECONOMIC GROWTH OF THE REGION.IN SUMMARY, THE PROJECT S DELIVERABLES AND EXPECTED OUTCOMES AIM TO ESTABLISH A SUCCESSFUL AND SUSTAINABLE ORGANIC MUSHROOM PRODUCTION ENTERPRISE, ADDRESSING THE DEMAND FOR ORGANIC PRODUCTS, CONTRIBUTING TO FOOD SECURITY, AND PROMOTING ENVIRONMENTALLY RESPONSIBLE AGRICULTURAL PRACTICES. THROUGH INNOVATION, MARKET DIVERSIFICATION, AND ADHERENCE TO ORGANIC STANDARDS, THE PROJECT SEEKS TO MAKE A POSITIVE IMPACT ON BOTH THE INDUSTRY AND THE COMMUNITIES IT SERVES.",2024,121286.98,100,1185101.79,53,200
669,23OMDGMA0074,VALLEY MALT LLC,VALLEY MALT LLC,"VALLEY MALT, DBA GROUND UP, IS A WOMEN-OWNED FLOUR MILL IN HOLYOKE, MA PROPOSING OMDG FUNDING FOR A NORTHEAST ORGANIC ROLLER MILL (NORM) PROJECT DEDICATED TO NORTHEAST ORGANIC GRAINS. THE PROJECT WILL INCREASE PROCESSING CAPACITY, REDUCE ENERGY CONSUMPTION, REDUCE LABOR, AND CAPTURING A GROWING MARKET DEMAND FOR ROLLER MILLED ORGANIC FLOUR AND ORGANIC BAKED PRODUCTS. FOR 14 YEARS, VALLEY MALT AND GROUND UP HAVE SOURCED 100% NORTHEAST GRAINS FOR MALT AND FLOUR AND HAVE SUCCEEDED TO GROWING A MARKET FOR REGIONAL GRAINS BY SHARING A COMMON INTEREST AND OBJECTIVES WITH THE LARGER VALUE CHAIN OF GROWERS AND BUYERS IN THE NORTHEAST. THE PURPOSE OF THIS PROJECT IS TO CONTINUE TO FOSTER, COORDINATE, AND EXPAND A REGIONAL DEMAND AND STABLE MARKET FOR ORGANIC CEREAL GRAINS IN THE NORTHEAST. THE GOAL IS FOR GROUND UP TO PURCHASE AN ADDITIONAL 2,600 ACRES OF NORTHEAST ORGANIC GRAINS ANNUALLY BY 2026. THIS PROJECT WILL BEGIN TO MEET A HISTORICALLY UNMET NEED FOR DOMESTIC ORGANIC CEREAL GRAINS AND ADDRESS A PINCH POINT IN OUR FOOD SYSTEM. ESTIMATED SALES OF ORGANIC BREAD AND GRAIN PRODUCTS ARE INCREASING BY 12% ANNUALLY, WELL ABOVE OTHER SECTORS HOWEVER DOMESTIC PRODUCTION OF ORGANIC GRAINS ACCOUNT FOR ONLY 2.6% OF ORGANIC CROP PRODUCTION IN THE US. THIS PROJECT WILL ADDRESS THIS MISMATCH SPECIFICALLY FOR THE NORTHEAST AND AIM TO SUPPORT A REGIONAL GRAINSHED (GRAIN SUPPLY CHAIN). THE GOALS OF THE PROJECT WOULD INCLUDE: 1) THE INSTALLATION OF A ROLLER MILL SYSTEM AT THE CURRENT HOLYOKE FACILITY BY 2025. 2) SOURCING, MARKETING, AND SELLING 5 MILLION POUNDS OF NORTHEAST ORGANIC ROLLER MILLED FLOUR ANNUALLY BY THE END OF THE PROJECT IN NOVEMBER 2026. 3) DEVELOPING ORGANIC VALUE-ADDED PRODUCTS THAT CREATE MARKET DEMAND AND REACH UNDERSERVED POPULATIONS IN THE REGION. ACTIVITIES PERFORMED TO REACH THESE GOALS WILL INCLUDE: 1) DESIGNING AND INSTALLING A ROLLER MILL CAPABLE OF MILLING 2 METRIC TONS PER HOUR. 2) DEVELOPING AND EXECUTING A MARKETING PLAN.THIS PROJECT COMES AT A TIME WHERE THESE GOALS WILL ALIGN WITH LARGER INTERVENTIONS THAT HAVE BEEN ONGOING IN THE NORTHEAST TO EXPLORE REGIONAL MARKETS AND DEMAND FOR ORGANIC FOOD GRAINS. MULTI-STATE COLLABORATIONS BETWEEN THE NORTHEASTS PUBLIC AND PRIVATE SECTORS IN THE LAST 15 YEARS HAVE SUPPORTED THE DEVELOPMENT OF CEREAL GRAIN CULTIVARS ADAPTED TO THE NORTHEAST THAT ARE FAVORED BY BAKERS AND FARMERS ALIKE. REGIONAL RESOURCES FROM UNIVERSITY EXTENSION, AGRONOMISTS, AND PEER-TO-PEER NETWORKS ACROSS THE REGION WILL SUPPORT GROWERS IN PROVIDING 2,600 ACRES ANNUALLY OF ORGANIC GRAINS BY THE END OF THIS PROJECT.INTENDED BENEFICIARIES OF THE PROJECT WILL INCLUDE STAKEHOLDERS FROM THE ENTIRE NORTHEAST GRAIN VALUE CHAIN: SMALL AND MEDIUM SIZED ORGANIC AND TRANSITIONAL GROWERS, DISTRIBUTORS OF ORGANIC FOODS, COMMERCIAL BAKERIES AND INSTITUTIONAL BUYERS, MICRO-BAKERIES, AND SPECIALTY FOOD PRODUCERS FROM UNDERSERVED POPULATIONS, AND APPROXIMATELY 300,000 CONSUMERS OF ORGANIC FOOD IN THE NORTHEAST.",2024,4000352.0,100,2054000.0,67,200
629,23OMDGAL0092,VENTURE MILK LLC,Venture Milk LLC,"THIS PROJECT INCREASES OUTPUT AND LOWERS COSTS OF A SMALL ORGANIC DAIRY PROCESSING PLANT SERVING UNDERSERVED PRODUCERS IN ECONOMICALLY DISTRESSED AREAS. BY SUPPORTING A FULL-TIME SALES POSITION, IT EXPANDS MARKET ACCESS BOTH FOR EXISTING ORGANIC DAIRY PRODUCERS AND FOR DAIRY PRODUCERS TRANSITIONING TO ORGANIC. IT DOES THIS THROUGH CO-PACKING, TWO PROCESSOR-AFFILIATED BRANDS, AND OTHER MARKETING CHANNELS IT HAS DEVELOPED AND WILL CONTINUE TO EXPAND. PLANT UPGRADES INCLUDE ADDING PACKAGING OPTIONS OPTIMIZED FOR FOOD SERVICE AND FOOD PRODUCT MANUFACTURERS THAT REPRESENT OVER A THIRD OF NATIONAL DEMAND FOR DAIRY PRODUCTS. THE CENTRAL OUTCOME OF THESE ACTIVITIES IS TO DEVELOP PRODUCT MARKET MATCHES THAT SUCCESSFULLY GENERATE SUSTAINED INCOME FOR ORGANIC DAIRY PRODUCERS BY MEETING THE NEEDS OF EXISTING SALES OUTLETS MORE EFFICIENTLY AND COMPLETELY.THE PROJECT WILL REQUIRE AN INVESTMENT OF $1,623,347  ($300,000 IN NEW PERSONNEL AND $1,323,347 IN NEW EQUIPMENT). OF THIS AMOUNT, WE SEEK $950,000 IN FEDERAL REIMBURSEMENTS MATCHED BY $1,042,879 OF CASH AND IN-KIND CONTRIBUTIONS FROM VENTURE MILK LLC.",2024,1992879.0,100,1999842.0,67,200
735,23OMDGWI0100,W HUGHES FARMS GP,"W. Hughes Farms, GP","THIS PROJECT SEEKS TO DEVELOP A CRAFT MALT OPERATION IN WISCONSIN, THE FIRST OF ITS KIND. THISOPERATION WILL SECURE LOCAL GRAINS FROM FARMERS IN WISCONSIN AND PROCESS THE GRAINS INTO MALT TOBE USED BY LOCAL CRAFT BREWERIES IN THE STATE. CRAFT MALTING IS ON THE RISE NATIONWIDE, AND THERE ISCURRENTLY A VOID IN WISCONSIN TO FILL THE GAP BETWEEN GRAIN FARMERS AND THE ABUNDANCE OF CRAFTBREWERIES IN THE STATE.THIS MALT OPERATION IN COLLABORATION WITH A LOCAL FARMER HAS A 500LB BATCHCAPACITY TO START, AND CAN DIRECTLY BE ENTIRELY PURCHASED BY A LOCAL CRAFT BREWER IN MADISON, WI.THE OPERATION MIGHT EXPECT TO PRODUCE IN THE REALM OF 8-10 TONS OF QUALITY MALT PER WEEK INFUTURE EXPANSIONS IN LINE WITH THE CAPACITY OF OTHER CRAFT MALT HOUSES ACROSS THE COUNTRY. THEMALT WOULD GO TO CRAFT BREWERIES AND DISTILLERIES, AND OVER TIME COULD GROW INTO A MARKET FORHOME BREWERS. OUR DELIVERABLE WILL BE PROCESSED LOCAL GRAIN AS MALT DELIVERED TO A LOCAL CRAFTBREWERY FOR TESTING AND BREWING. THESE BREWERS WHO VALUE THE OPPORTUNITY TO USE LOCALINGREDIENTS ARE BENEFICIARIES, AS WELL AS THE LOCAL FARMERS SEEKING TO SELL ORGANIC BARLEY IN THEFUTURE. KEY PARTNERS (AGC, OGRAIN) WILL FACILITATE FARMER INTERACTIONS WITH MERISTEM MALT ANDCONNECT TO LOCAL CRAFT BREWERS INTERESTED IN USING LOCAL GRAINS. THESE TWO PROGRAMS SEEK TOINFORM FARMERS OF OPPORTUNITIES IN ORGANIC FARMING GROUNDED IN UNIVERSITY RESEARCH ANDSTRENGTHEN OUR LOCAL GRAIN CHAIN IN THE UPPER MIDWEST, RESPECTIVELY. MERISTEM MALT WILL BEGIN ASA SMALL-SCALE PROOF OF CONCEPT MICRO MALTHOUSE, SERVING LOCAL FARMERS AND CRAFT BREWERS ALIKE.",2024,19917.23,95,19917.23,100,195
677,23OMDGMI0029,THE WEINRICH FARM LLC,Weinrich Farm LLC,"ORGANIC BEEF, LAMB AND GOAT (RUMINANTS) ARE DIFFICULT TO FIND ANYWHERE, INCLUDING NORTHERN MICHIGAN. ORGANIC RUMINANTS REQUIRE ORGANIC FEED IN THE FORM OF HAY AND FORAGE. ORGANIC HAY AND FORAGE ARE ALSO NON-EXISTENT IN NORTHERN MICHIGAN. BY USING THIS EQUIPMENT GRANT TO UPGRADE AND IMPROVE THE OUR HAY AND FORAGE MAKING CAPACITY, THE WEINRICH FARM LLC CAN CREATE A VIRTUOUS CIRCLE OF INCREASED ORGANIC MEAT (AND WHEAT) PRODUCTION IN NORTHERN MICHIGAN. THE EQUIPMENT WILL 1) ALLOW US TO PRODUCE OUR OWN ORGANIC FEED INSTEAD OF PURCHASING CONVENTIONAL AND, OVER TIME, CONVERT OUR MEAT PRODUCTION TO ORGANIC 2) CONTRACT SERVICES AND SELL FEED TO OTHER SMALL FARMS, ENABLING THEM TO TRANSITION THEIR RUMINANTS TO ORGANIC 3) CREATE A CRITICAL MASS OF ORGANIC MEAT PRODUCERS THAT WILL MAKE IT VIABLE FOR AREA MEAT PROCESSORS TO OFFER ORGANIC CERTIFIED SLAUGHTER AND PACKING 4) CONTRACT FORAGE AND FERTILIZER SERVICES TO LOCAL ORGANIC WHEAT PRODUCERS, ALLOWING THEM TO ROTATE WHEAT WITH FORAGES. AN EQUIPMENT-ONLY GRANT TO THE WEINRICH FARM LLC WILL ALLOW THEM TO UPGRADE THEIR HAY AND FORAGE MAKING CAPACITY BY PURCHASING MODERN AND RELIABLE EQUIPMENT FOR CUTTING, BALING, STORING AND TRANSPORTING ORGANIC ANIMAL FEED. THIS WILL ALLOW THEM TO PRODUCE APPROXIMATELY 960,000 POUNDS OF HIGH QUALITY FEED ANNUALLY ON 200 ACRES CURRENTLY OWNED, LEASED, OR AVAILABLE TO THEM. KEY PARTNERS INCLUDE LIGHT OF DAY ORGANICS AND GREAT LAKES GARLIC FARM, BOTH OF WHOM INTEND TO CONTRACT WITH WEINRICH FARM LLC TO PRODUCE ORGANIC ANIMAL FEED ON THEIR PROPERTIES.",2024,100000.0,95,100000.0,100,195
696,23OMDGNH0062,WESTWICK FARMING LLC,Westwick Farming LLC,"THE REQUESTED EQUIPMENT IS INTENDED TO SIGNIFICANTLY INCREASE THE AMOUNT OF NH GROWN ORGANIC GRAIN AND VALUE-ADDED GRAIN PRODUCTS AVAILABLE IN THE NH AND NORTHEAST MARKET. IN 2022, WESTWICK FARMING LLC TUCKAWAY FARM RECEIVED AND CONDUCTED A USDA VALUE-ADDED PRODUCTION PLANNING PROPOSAL SURVEYING THE GROWING, HARVEST, POST-HARVEST, PROCESSING, AND MARKET CHALLENGES IN THE NH GRAINSHED ALONG THE MID-TIER VALUE CHAIN AND THE POTENTIAL OF GROWING A NH GRAIN COLLABORATIVE. APPROPRIATELY SCALED EQUIPMENT WAS IDENTIFIED AS A MAIN BOTTLENECK IN MEETING AND EXPANDING THIS MARKET. THE EQUIPMENT DETAILED IN THIS APPLICATION ADDRESS IDENTIFIED GAPS IN GRAIN TRANSPORT, PROCESSING, AND PACKAGING CAPACITY, ALL OF WHICH WILL ALLOW GROWTH IN THE MARKETPLACE FOR ORGANIC GRAIN FARMERS AND VALUE-ADDED PRODUCERS, AND INCREASED ACCESS TO ORGANIC CULINARY GRAINS FOR CONSUMERS.",2024,77449.22,100,77449.22,100,200
668,23OMDGIN0102,WILD PANSY FARM,Wild Pansy Farm,"IN EARLY 2023, WILD PANSY FARM LAUNCHED THE  SIMPLY INDIANA  READY-TO-EAT FOOD LINE, WITH SUPPORT FROM A SPECIALTY CROP BLOCK GRANT THROUGH INDIANA STATE DEPARTMENT OF AGRICULTURE. THE COMPANY IS BUILDING A FOOD HUB TO FILL LOCAL GAPS IN PRODUCE AGGREGATION, WASHING, COLD STORAGE, AND MINIMAL PROCESSING CAPACITY TO CONNECT LOCAL AND DOMESTIC ORGANIC GARLIC AND PRODUCE TO EXISTING INGREDIENT AND READY-TO-EAT FOOD MANUFACTURERS. THE HUB AIMS TO PROCESS NUMEROUS SPECIALTY CROPS FROM INDIANA FARMS AND DELIVER CHOPPED OR DICED FRUITS AND VEGETABLES TO THE DOWNSTREAM BUSINESSES AND INSTITUTIONS THAT CURRENTLY IMPORT THESE ITEMS. THIS PROJECT WILL SOLVE THE INTERMEDIARY SUPPLY CHAIN BOTTLENECK THAT INHIBITS INDIANA ORGANIC FARMERS  ACCESS TO THESE MARKETS. ADDITIONALLY, THE HUB WILL FACILITATE EXPANSION OF THE STATE S GROWING GARLIC INDUSTRY, PROVIDING THE MEANS TO DISSEMINATE GARLIC SEED AMONG FARMERS, AND PROCESSING CLOVES INTO PEELED AND DICED PRODUCTS FOR DOWNSTREAM CUSTOMERS. THE FIRM S GROWING LIST OF CUSTOMERS INCLUDES CATERERS, CO-PACKERS, FOOD RETAILERS, AND SCHOOLS THAT DESIRE TO PURCHASE LOCAL PRODUCE IN WHOLESALE QUANTITIES. WILD PANSY FARMS SIMPLY INDIANA PROJECT BEGAN BY PRODUCING SOUP BY HAND FROM A SHARED COMMERCIAL KITCHEN SPACE, AND DELIVERED TO THREE FOOD SHELTERS IN JACKSON COUNTY, IN. BY MOVING TO A PURPOSE-DESIGNED PROCESSING FACILITY, WE CAN EXPAND OUR SUPPLY CHAIN TO INCORPORATE SIGNIFICANTLY MORE ORGANIC PRODUCE, AND INCORPORATE THESE VEGETABLES INTO THE GROWING LINE OF LOW-SODIUM SAUCES AND READY-TO-EAT ITEMS THAT ARE BEING MANUFACTURED FOR SCHOOLS IN AN FDA-CERTIFIED FACILITY IN LOUISVILLE, KY.  AS OF AUGUST 2024, THE SAUCES ARE BEING TRIALED AT SOME 30 INDIANA SCHOOL DISTRICTS, AS WELL AS INDIANA UNIVERSITY, AND EXCESS PROCESSED PRODUCE HAS BEEN ROUTINELY DONATED TO A MADISON, IN, FOOD SHELTER.",2024,1239474.0,100,929474.0,82,200
717,23OMDGTX0007,"YAUPON HOLLY TEA, LLC","Yaupon Holly Tea, LLC","AMERICA IS THE LARGEST IMPORTER OF TEA IN THE WORLD, TEA IS A 220 BILLION GLOBAL INDUSTRY, AND THE DOMESTIC ORGANIC TEA MARKET WAS 418 MILLION IN 2020.THE FACT IS, WE HAVE AN ORGANIC DOMESTIC ALTERNATIVE THAT GROWS PROLIFICALLY RIGHT HERE IN THE US ORGANIC YAUPON TEA. YAUPON IS THE ONLY CAFFEINATED PLANT NATIVE TO NORTH AMERICA AND RICH IN POLYPHENOLS AND ANTIOXIDANTS SIMILAR TO IMPORTED TEA. BY USING A HYBRID OF TRADITIONAL TEA PREPARATION METHODS, ORGANIC YAUPON TEA HAS AN ALMOST INDISTINGUISHABLE FLAVOR PROFILE FROM IMPORTED GREEN AND BLACK TEA SERVED IN BOTH HOT AND ICED TEA. THIS ORGANIC YAUPON MARKETING PLAN IS CRAFTED TO INCREASE OPPORTUNITIES FOR CONSUMER EXPOSURE TO ORGANIC YAUPON TEA WHILE ALSO ALLOWING FOR ADDITIONAL CUSTOMERS, BUYERS, AND PARTIES TO PARTICIPATE IN THE DOMESTIC ORGANIC YAUPON TEA INDUSTRY. CATSPRING YAUPON HAS CREATED A COHESIVE MARKETING AND OUTREACH PLAN TO INCREASE THE AMOUNT OF ORGANIC YAUPON TEA SERVED IN RESTAURANTS, CAFES, HOTELS, AND SPAS. THIS PLAN INCORPORATES THE OPPORTUNITY TO PROMOTE AND SUPPORT ADDITIONAL ORGANIC YAUPON PRODUCERS THROUGH THE AMERICAN YAUPON ASSOCIATION WHILE ALSO SUPPLYING TEA COMPANIES WHO WOULD OTHERWISE BE SELLING IMPORTED TEA TO THEIR FOOD SERVICE CUSTOMERS. THIS WILL ALSO ALLOW RESTAURANTS TO SUBSTITUTE IMPORTED TEA ON THEIR MENUS WITH ORGANIC YAUPON TEA THUS GIVING THEIR CUSTOMERS AND GUESTS AN OPPORTUNITY TO SAMPLE AND FALL IN LOVE WITH THE INCREDIBLE DOMESTIC ORGANIC YAUPON TEA.",2024,1068440.0,100,2170610.0,67,200
633,23OMDGCA0012,ZEGO LLC,ZEGO LLC,"PROJECT PURPOSEOUR PROJECT TITLED COLLABORATION FOR SUSTAINABLE GROWTH: ADVANCING THE ORGANIC GLUTEN-FREE GRAIN VALUE CHAIN WILL INCREASE PROCESSING AND CONSUMPTION OF ORGANIC, GLUTEN-FREE, HIGH-PROTEIN OATS AND ROTATIONAL CROP MILLET IN MONTANA AND THE SURROUNDING GROWING REGION BY CREATING A COLLABORATIVE INTEGRATED VALUE CHAIN (CVIC). OUR GOALS ARE TO 1) EXPAND ORGANIC PROCESSING CAPACITY AT MONTANA GLUTEN FREE (MGF) TO ALLEVIATE A REGIONAL GRAIN PROCESSING BOTTLENECK THAT FORCES FARMERS TO SELL PREMIUM CROPS FOR BIRD AND ANIMAL FEED AT 50 OF FULL VALUE, 2) DEVELOP MORE PRODUCTS FROM ORGANIC SPECIALTY GRAINS FOR PEOPLE WITH MEDICALLY RESTRICTED DIETS DUE TO ALLERGIES OR GLUTEN INTOLERANCE (85M CONSUMERS), TOXIN AND PESTICIDE CONCERNS, OR DIABETES (57M) OR TO INCREASE DIETARY PLANT PROTEIN (125M), 3) INCREASE SPECIAL-DIET CONSUMER PULL (DEMAND) OF ORGANIC GRAINS BY EXPANDING PRODUCT TRIAL, ADDING SALES CHANNELS, BUILDING CONSUMER TRUST IN ORGANIC FOOD, 4) BENEFIT THE ENVIRONMENT BY DECREASING TRANSPORTATION MILES AND PROMOTION OF HULLESS OATS, WHICH PRODUCE 50 LESS CARBON EMISSIONS, AND DROUGHT-TOLERANT MILLET, WHICH USES 1 3RD LESS WATER THAN OTHER GRAINS. ACTIVITIES-INCREASE ORGANIC FINISHED GOODS CAPACITY BY INTEGRATING OPERATIONS AT MGF WITH FASTER AND MORE EFFICIENT EQUIPMENT FOR BAG FILLING AND IMPROVED PRODUCTION EFFICIENCY. UPGRADE FOOD SAFETY CERTIFICATION LEVEL. -ESTABLISH A MILLET VALUE CHAIN BY PURCHASING AND INSTALLING EQUIPMENT TO DEHULL MILLET AT MGF AND SETTING UP PROCUREMENT CONTRACTS WITH REGIONAL FARMERS. -DEVELOP 3-5 NEW ORGANIC SPECIALTY GRAIN PRODUCTS IN COLLABORATION WITH SNACKTIVIST, TARGETING MARKETS SUCH AS FOOD SERVICE ACCOUNTS AND BIG BOX STORES, AND BUILD B2B INGREDIENT SALES. -IMPLEMENT MARKETING STRATEGIES LED BY A SPECIALIZED MARKETING DIRECTOR TO INCREASE AWARENESS AND ADOPTION OF ORGANIC SPECIALTY GRAINS AMONG SPECIAL-DIET AND NON-TOXIC LIVING CONSUMERS. -COLLABORATE WITH TECHNOLOGY PARTNER FOOD VIIISION TO ENHANCE ZEGOS PURITY TRANSPARENCY SYSTEM, MAKING PRODUCT INFORMATION ACCESSIBLE AND EXPANDING THE SCOPE OF INFORMATION TO INCLUDE LINKS TO FARMERS. DELIVERABLES AND OUTCOMES -INCREASE MGFS ORGANIC PRODUCTION CAPACITY BY 770 AND SALES 550 -ESTABLISH A SUSTAINABLE PROSO MILLET VALUE CHAIN WITH AT LEAST 10 FARMERS-INTRODUCE UP TO 5 NEW ORGANIC SPECIALTY GRAIN PRODUCTS-EXPAND INTO TWO NEW HIGH-VELOCITY MARKET CHANNELS-INCREASED CONSUMER AWARENESS AND CONSUMPTION OF ORGANIC SPECIALTY GRAINS AMONG SPECIAL DIET AND NON-TOXIC LIVING CONSUMERS-IMPROVED PURITY TRANSPARENCY SYSTEM TO BUILD CONSUMER TRUST IN ORGANIC FOOD. BENEFICIARIES10-20 PRODUCERS: PREMIUM PRICES AND CROP DIVERSIFICATION, INCLUDING HISTORICALLY DISADVANTAGED FARMERS FROM ECONOMICALLY AT-RISK REGIONSMGF: INCREASED ORGANIC PROCESSING CAPACITY, SALES OF ORGANIC SPECIALTY GRAINS, AND COPACKING SERVICES, ENSURING ITS VIABILITY AS A CRITICAL COMPONENT OF THE ORGANIC GRAINS VALUE CHAINCONSUMERS: MORE PRODUCTS SAFE FOR MEDICALLY RESTRICTED DIETS MADE FROM DOMESTIC, ORGANIC, HIGH-PROTEIN, GLUTEN-FREE GRAINS AND AVAILABLE AT MORE RETAIL AND INSTITUTIONAL SETTINGS SMALL BRANDS: ACCESS TO US ORGANIC SPECIALTY GRAINS AND COPACKINGPARTNER AND COLLABORATOR ACTIVITIESZEGO: PROJECT DIRECTOR, INTERNAL AND EXTERNAL STAKEHOLDER COMMUNICATION, COMPLIANCE, FINANCE, MARKET DEVELOPMENT, AND REPORTINGMGF: CRITICAL INFRASTRUCTURE, PROCUREMENT EXPERIENCE, RELATIONSHIPS WITH REGIONAL PRODUCERS, AND FACILITY OPERATIONAL EXPERTISEOPEXEC CONSULTING: PROJECT OPERATIONS MANAGEMENT SNACKTIVIST: VALUE CHAIN COORDINATION, PRODUCT DEVELOPMENT AND TESTING, PRODUCER RELATIONSHIPS, SALES, AND IMPROVING OUR PURITY VERIFICATION SYSTEM WITH FOOD VIIISIONSPOKIN, NOURISHED, HIGHER RING, OTHER KEY MARKETING INFLUENCERS: EXECUTE MARKETING ACTIVITIES TO RAISE AWARENESS OF ORGANIC SPECIALTY GRAINS AMONG TARGETED CONSUMERSFOOD VIIISION: IMPROVE ZEGOS PURITY TRANSPARENCY SYSTEM TO BUILD",2024,4013286.0,100,1957328.0,67,200